Barcode,Cluster
AAACGCTAGGTTACAA-1,2
AAACGCTTCAAACTGC-1,4
AAAGAACAGGGTGAGG-1,4
AAAGAACAGTGGCGAT-1,3
AAAGGATCAAGGTCAG-1,3
AAAGGATCACGACAAG-1,4
AAAGGGCCAAATGCGG-1,4
AAAGGTAAGAACAGGA-1,2
AAAGGTAGTAACTGCT-1,1
AAAGGTAGTTGCCGCA-1,4
AAAGTCCGTACTGCCG-1,3
AAAGTCCGTTTGTGGT-1,6
AAAGTGAAGAAACTAC-1,6
AAAGTGAGTACTCGCG-1,5
AACAAAGTCACCGGGT-1,3
AACCAACAGGTCCCTG-1,3
AACCAACGTCCGTTTC-1,3
AACCAACGTCGCAACC-1,5
AACCAACTCGACGTCG-1,2
AACCACATCAGCAATC-1,4
AACCCAAAGATGGCGT-1,5
AACCTTTGTATACCCA-1,4
AACGAAAAGAAATTGC-1,6
AACGGGAGTCAGTCGC-1,4
AACGGGAGTCGAAACG-1,1
AACGTCAGTAGAGCTG-1,4
AACTTCTAGCCACAAG-1,1
AACTTCTAGGTGTGAC-1,1
AACTTCTTCTCTCAAT-1,5
AAGAACAAGTAGGCCA-1,5
AAGACAAAGCTACAAA-1,5
AAGACAACAACAGCTT-1,1
AAGACAACATAGGTTC-1,2
AAGACAAGTGTCTTGA-1,3
AAGACTCGTAGTCGGA-1,1
AAGATAGGTCGCTCGA-1,3
AAGATAGTCTCGGCTT-1,5
AAGCATCCATCTAGAC-1,3
AAGCCATGTGGTCCGT-1,4
AAGCCATGTTGCTCCT-1,4
AAGCCATGTTGGGTAG-1,2
AAGCGAGAGCTGCGAA-1,4
AAGCGAGCAGAGCGTA-1,2
AAGCGTTAGTGGATAT-1,4
AAGGTAATCGACCTAA-1,3
AAGTACCCATTCTGTT-1,5
AAGTCGTCAAGTGGGT-1,2
AAGTCGTTCTGAGATC-1,1
AAGTGAAGTCAGGTGA-1,6
AAGTGAAGTGTTGCCG-1,3
AAGTTCGAGGCCACCT-1,3
AAGTTCGAGTTGGAAT-1,1
AAGTTCGCATAGGTTC-1,4
AAGTTCGTCCCTGGTT-1,1
AATAGAGGTGTCTCCT-1,1
AATAGAGTCTGAGATC-1,1
AATAGAGTCTTGTGCC-1,2
AATCACGCAAGTGATA-1,1
AATCGACGTGACAGGT-1,1
AATCGACTCGAGTTGT-1,1
AATGAAGAGATGCGAC-1,6
AATGAAGGTTTCACTT-1,2
AATGACCGTATTTCTC-1,3
AATGCCAGTGAAGCTG-1,1
AATGGCTCATTAGGAA-1,1
AATGGCTTCTGCATAG-1,5
AATTCCTCAGGACTTT-1,1
AATTCCTTCGTTGCCT-1,2
AATTTCCCAAATTGCC-1,6
AATTTCCCAAGCAATA-1,1
ACAAAGAAGCTGTCCG-1,1
ACAAAGATCAACTCTT-1,3
ACAACCAAGACGATAT-1,4
ACAAGCTTCCGTCCTA-1,6
ACACTGAAGTTACGTC-1,2
ACAGCCGAGAACTGAT-1,3
ACAGGGAGTGGGACAT-1,3
ACAGGGAGTTCAAAGA-1,4
ACATGCAGTTAGGCCC-1,2
ACATGCATCAAGCCTA-1,3
ACATTTCAGTAACGAT-1,3
ACCAAACCATCCGAAT-1,5
ACCAACAAGCTGAGTG-1,1
ACCAACACACCCTGTT-1,3
ACCACAAAGTAGGATT-1,5
ACCACAATCGTGACTA-1,4
ACCCAAAAGGACTGGT-1,3
ACCCAAACAAGAGCTG-1,4
ACCCAAACAGAAGCGT-1,1
ACCCTCACATGACGTT-1,2
ACCCTCAGTCCATACA-1,4
ACCCTCATCGCTCTCA-1,5
ACCGTTCCATAGAATG-1,3
ACCTGTCTCGCAGTGC-1,1
ACGATCACATATACCG-1,6
ACGCACGAGGACTTCT-1,1
ACGCACGTCTGGCTGG-1,2
ACGGAAGCAATAGTAG-1,1
ACGGGTCTCTTAGTTC-1,6
ACGGTCGAGAGATCGC-1,2
ACGGTCGGTGCCGTTG-1,4
ACGGTTACATACCATG-1,3
ACGGTTAGTCTCAGGC-1,4
ACGTAACTCTAAGAAG-1,1
ACGTACAAGACACACG-1,2
ACGTACAAGAGGGTAA-1,1
ACGTACAAGCGGCTCT-1,4
ACGTCCTGTAAGATAC-1,1
ACTATCTGTTCCTTGC-1,3
ACTCCCACAAGTCGTT-1,2
ACTCCCAGTACACGCC-1,5
ACTCTCGAGGGATGTC-1,4
ACTGATGGTGGGTCAA-1,5
ACTGCAAGTTGGGCCT-1,2
ACTGCAATCCTTGAAG-1,4
ACTGTCCCACGTAACT-1,3
ACTGTGACACTGAGGA-1,6
ACTTAGGAGGCCTTGC-1,1
ACTTAGGCAAGACGGT-1,1
ACTTATCCAGCTTTGA-1,6
ACTTCCGAGAATTGCA-1,3
ACTTCCGAGAGTGACC-1,3
ACTTCGCTCACCGACG-1,1
ACTTTCACAGCATGCC-1,5
ACTTTCATCATAGACC-1,3
ACTTTCATCATAGAGA-1,4
AGAACCTTCAACGAGG-1,3
AGAACCTTCAGCTGTA-1,2
AGAAGCGTCCCTTTGG-1,1
AGAAGTACAATCAGCT-1,1
AGACACTAGGCCATAG-1,2
AGACACTGTCGGCCTA-1,2
AGACAGGAGTATTGCC-1,1
AGAGCAGCAAGTGGTG-1,1
AGAGCCCGTACGACTT-1,1
AGATAGAAGACGGTCA-1,1
AGATCCAAGCACTGGA-1,2
AGATCGTAGCTGAGCA-1,1
AGATCGTTCCATCAGA-1,4
AGATGCTGTTTGACAC-1,1
AGCATCACACACCTGG-1,6
AGCATCACAGAACCGA-1,1
AGCCAATAGCAGGGAG-1,1
AGCCACGTCCATCAGA-1,3
AGCGATTTCCTCAGGG-1,5
AGCGCCAAGATGTTCC-1,2
AGCTACAAGTGTACAA-1,5
AGCTACAGTATTCTCT-1,3
AGCTCAAAGGAGATAG-1,3
AGCTCAACAGTCGCAC-1,3
AGCTTCCCATGCCGGT-1,2
AGGAAATAGTTCCGTA-1,1
AGGAAATGTCGCAACC-1,3
AGGAATATCGAGTCTA-1,1
AGGAATATCTCGCTCA-1,1
AGGACGAAGCTCAGAG-1,1
AGGACGACACCTGCGA-1,5
AGGAGGTTCCTAACAG-1,1
AGGATCTAGTTTGTCG-1,1
AGGATCTTCCATTGCC-1,3
AGGCATTGTGTAGTGG-1,1
AGGCATTTCATTCATC-1,2
AGGCATTTCCCAGGCA-1,2
AGGCCACCACTCCGAG-1,2
AGGGAGTCAATATCCG-1,1
AGGGAGTTCGCCCAGA-1,1
AGGGAGTTCTCACCCA-1,2
AGGGCCTGTATTAAGG-1,1
AGGGCTCGTCAGGTAG-1,5
AGGGTCCGTATGGAAT-1,4
AGGGTGAGTTTCCAAG-1,2
AGGTAGGGTGATTCAC-1,1
AGGTCATAGGTATTGA-1,3
AGGTTACTCTGTACAG-1,4
AGGTTGTGTGCTGCAC-1,6
AGGTTGTTCGAGTCTA-1,1
AGGTTGTTCTAGATCG-1,5
AGTAACCAGGTAGTAT-1,5
AGTAACCTCACACCGG-1,1
AGTACTGCAAGCGAGT-1,5
AGTACTGTCGACGCGT-1,1
AGTAGCTTCCGCGATG-1,6
AGTAGCTTCTTCGCTG-1,5
AGTAGTCCAGTTACCA-1,5
AGTCAACTCTGACGCG-1,3
AGTCACAAGTAGAATC-1,1
AGTCTCCAGGTCCCGT-1,1
AGTGATCTCACCATAG-1,3
AGTGCCGTCTTCCCAG-1,1
AGTGTTGAGCTGGAGT-1,2
AGTGTTGTCCTCTAAT-1,3
AGTTAGCTCACAACCA-1,3
AGTTCCCGTCCGCAGT-1,4
AGTTCGAAGGTGGGTT-1,2
AGTTCGAGTTTATGCG-1,2
ATACCGATCCGAGAAG-1,2
ATACTTCAGAGCCGAT-1,6
ATAGACCCATCTATCT-1,3
ATAGAGAGTCAGTCTA-1,1
ATAGAGATCCAAGAGG-1,1
ATATCCTAGCAACCAG-1,3
ATATCCTGTACCCACG-1,4
ATCACGACAATTGCAC-1,3
ATCACTTAGCTGTTAC-1,1
ATCACTTGTGTGCCTG-1,2
ATCATTCCAATGTCAC-1,4
ATCCATTAGGATCATA-1,4
ATCCATTGTTATAGAG-1,3
ATCCATTTCTATTTCG-1,2
ATCCGTCAGGTAATCA-1,3
ATCCGTCAGGTTGCCC-1,2
ATCCGTCCATTACTCT-1,1
ATCCGTCTCTGGTCAA-1,5
ATCCTATAGGTACCTT-1,1
ATCGGCGCAGCTATAC-1,3
ATCGTAGTCGGTGCAC-1,1
ATCGTCCGTCATCACA-1,2
ATCGTGAAGGATTTCC-1,6
ATCGTGAAGTAGTGCG-1,2
ATCGTGATCATTCCTA-1,4
ATCTTCAAGTTCCGTA-1,3
ATGACCACAAGGGCAT-1,2
ATGACCAGTAAGATTG-1,3
ATGACCATCTCGCGTT-1,2
ATGAGGGAGGAAGTAG-1,4
ATGAGGGCACCGTCGA-1,2
ATGAGTCGTAGATCGG-1,1
ATGAGTCGTCCCGTGA-1,3
ATGAGTCTCATGCCGG-1,5
ATGCATGAGCGAGGAG-1,5
ATGCCTCAGCCAGACA-1,6
ATGGATCTCTTGTGCC-1,2
ATGGTTGCACGTGAGA-1,4
ATGTCTTGTTACGATC-1,4
ATTACCTAGGCTCTCG-1,3
ATTCACTGTTTACTGG-1,6
ATTCACTTCTTACCGC-1,2
ATTCCATGTGTGTGGA-1,1
ATTCCCGCAAGACGGT-1,5
ATTCCCGTCCCATAGA-1,1
ATTCCTACAGTGGGTA-1,4
ATTCCTATCGACCACG-1,2
ATTCTACTCTAGATCG-1,2
ATTCTTGAGAGGTCGT-1,4
ATTCTTGAGATTAGTG-1,2
ATTCTTGCACCAAATC-1,3
ATTCTTGTCAGCTGAT-1,2
ATTGGGTTCAAGAGTA-1,1
ATTTACCAGAGCAGCT-1,2
ATTTACCAGCCGTCGT-1,1
ATTTACCCACATATCG-1,2
ATTTACCGTAAGCTCT-1,5
ATTTCACTCACACCGG-1,1
CAAAGAAAGCCGTTGC-1,1
CAAAGAAAGCGTCAGA-1,1
CAAAGAACAGGCTATT-1,4
CAACCAACATTGCTTT-1,4
CAACCAATCGGCATTA-1,5
CAACGATAGCGAACTG-1,5
CAACGATCATCGTCCT-1,3
CAAGACTCACAATGCT-1,5
CAAGACTTCCGTGTAA-1,6
CAAGCTAAGAAGCGAA-1,4
CACAGATCAACGTTAC-1,4
CACAGATCAGCGTATT-1,5
CACAGGCGTGGATCAG-1,1
CACATGAAGTGCTACT-1,2
CACATGATCCTACGAA-1,2
CACCAAACACGGCGTT-1,5
CACCAAACACTCCTGT-1,6
CACCAAATCATCGCCT-1,1
CACCGTTTCGGCTATA-1,1
CACCGTTTCTATCGTT-1,4
CACGAATGTACTGGGA-1,2
CACGGGTGTATGAAGT-1,6
CACGGGTTCTCCATAT-1,4
CACGTGGAGACGATAT-1,1
CACGTTCAGACGGATC-1,4
CACGTTCCAGGACGAT-1,2
CACTGAAGTTAGTCGT-1,3
CACTGTCCAGGAGACT-1,5
CACTGTCGTACAAGTA-1,4
CACTTCGGTGTAGTGG-1,3
CAGATACAGCATAGGC-1,3
CAGATACGTGCCTTTC-1,6
CAGATCACAACTCCAA-1,4
CAGATTGCATACCACA-1,1
CAGATTGGTGGATCGA-1,5
CAGATTGTCCAGCAAT-1,6
CAGCACGGTAGCTAAA-1,1
CAGCAGCTCAGGACAG-1,1
CAGCGTGCATCATTTC-1,5
CAGCGTGGTCGAGTTT-1,1
CAGGCCACACGCAGTC-1,2
CAGGGCTAGCTGTTCA-1,4
CAGGGCTCATTCCTAT-1,3
CAGGTATCATTGCTTT-1,5
CAGTGCGAGTGAGGCT-1,4
CAGTGCGCAAGCACAG-1,5
CAGTTAGTCCGTCCTA-1,6
CAGTTCCCAGCTGTCG-1,1
CAGTTCCCATATACCG-1,2
CATACAGAGGCAGTCA-1,1
CATACCCAGGCTCTCG-1,6
CATACTTTCAAGTGTC-1,1
CATAGACTCTGATGGT-1,4
CATCAAGGTTCAGTAC-1,1
CATCCACAGCGGACAT-1,5
CATCCACTCAGACATC-1,4
CATCCCAAGGTAGTAT-1,4
CATCCCAGTATGGGAC-1,2
CATCGCTTCGGTCTGG-1,1
CATGCAATCAATCAGC-1,5
CATGCAATCTTCCAGC-1,2
CATGCCTCAAATGGCG-1,6
CATGCCTCATCTCAAG-1,2
CATGCTCAGTCAAGCG-1,3
CATGCTCGTCCCAAAT-1,1
CATTCATTCCCTCGAT-1,5
CATTCCGGTGCCAAGA-1,1
CATTCCGTCCAATGCA-1,4
CATTGAGAGGGCGAGA-1,2
CATTGAGCACTGCTTC-1,2
CCAAGCGGTAGGAGTC-1,6
CCAATTTTCCTACAAG-1,3
CCACAAAAGCGCTGAA-1,2
CCACACTAGCGCATCC-1,3
CCACCATCACCTTCCA-1,3
CCACCATGTTCGCGTG-1,3
CCACGTTAGCCGCTTG-1,2
CCACGTTAGTTGCATC-1,6
CCACGTTCACGGCGTT-1,2
CCACTTGCACGCTTAA-1,3
CCACTTGCAGTTACCA-1,1
CCATAAGAGATAGTCA-1,1
CCATCACCAAGACGAC-1,5
CCCAACTGTACAAAGT-1,1
CCCAACTGTTACGCCG-1,2
CCCATTGAGGAGCTGT-1,6
CCCGAAGAGATAGCTA-1,1
CCCGAAGGTAACACCT-1,3
CCCTAACCAACACAGG-1,3
CCCTAACCAAGGGCAT-1,2
CCCTAACGTAGCACAG-1,3
CCCTCAAAGGAAGTCC-1,6
CCCTCTCCACGTCGGT-1,3
CCCTTAGAGAAGTGTT-1,5
CCCTTAGCATTCTCTA-1,1
CCCTTAGTCCGTTTCG-1,2
CCGATGGCAGTTTCGA-1,3
CCGCAAGCATTGACAC-1,2
CCGCAAGTCACCGACG-1,3
CCGCAAGTCCGCTGTT-1,4
CCGGACATCCGCTGTT-1,2
CCGGGTAGTCAGTCCG-1,5
CCGGTAGTCGAAGGAC-1,4
CCGGTGAGTGTGTGGA-1,4
CCGTGAGAGCGTTGTT-1,6
CCGTGAGCAACCAACT-1,4
CCGTGAGCAGATGCGA-1,1
CCGTTCACACAGCCAC-1,3
CCTAAGATCCGGTAGC-1,4
CCTATCGCAAGGCGTA-1,1
CCTATCGCACAACGAG-1,2
CCTCAACCAAATTGCC-1,4
CCTCAACCATAGCTGT-1,4
CCTCAACTCCCTGTTG-1,3
CCTCATGAGGATAATC-1,6
CCTCCTCGTATCCTCC-1,3
CCTCCTCTCAACCTTT-1,5
CCTCCTCTCGAGTTGT-1,3
CCTCTCCAGACGCAGT-1,3
CCTCTCCCACAAGCCC-1,2
CCTGCATCACCTGCAG-1,1
CCTGTTGGTTCAACGT-1,2
CCTTTGGAGCACTAAA-1,5
CCTTTGGAGCCACTCG-1,5
CGAAGGAAGGCGTCCT-1,1
CGAAGTTAGTCATGGG-1,2
CGAGAAGAGGTAAGAG-1,5
CGAGAAGAGTTTGCTG-1,2
CGAGAAGTCCTGCCAT-1,4
CGAGAAGTCTCTGCCA-1,1
CGAGTGCAGGTTAAAC-1,6
CGAGTGCCACGTTGGC-1,1
CGAGTTAAGCCGATCC-1,5
CGATCGGAGTACCGGA-1,4
CGATCGGGTTGGCTAT-1,2
CGATGGCAGCTGGAGT-1,5
CGCAGGTTCTCGGGAC-1,2
CGCATGGTCCACGGAC-1,4
CGCCATTCACTCTGCT-1,4
CGCGTGAAGCTCTTCC-1,5
CGCGTGAAGCTTAAGA-1,1
CGCGTGACATCGGCCA-1,2
CGCGTGATCTAGGCAT-1,5
CGGAATTCAGACGCTC-1,1
CGGAATTGTGACGCCT-1,5
CGGACACGTAGACAGC-1,2
CGGAGAACAGGACGAT-1,4
CGGAGAAGTACAAGTA-1,1
CGGGACTTCGTAGTGT-1,1
CGGGTCATCGCAGTTA-1,4
CGTAAGTCAGAGTTCT-1,2
CGTAATGTCCTGGGTG-1,1
CGTAGTACAGCATTGT-1,3
CGTAGTACATAAGCAA-1,4
CGTCAAACATAGAATG-1,4
CGTGAATAGACGCCCT-1,1
CGTGAATTCCAAGCCG-1,1
CGTTGGGGTATCCTTT-1,4
CGTTGGGTCATGTCAG-1,4
CGTTGGGTCGGTAGAG-1,1
CTAACCCCAACGTAAA-1,2
CTAACCCGTCCTGTCT-1,3
CTAACTTAGATTTGCC-1,3
CTAACTTTCCTAGCTC-1,3
CTAAGTGAGTTTGAGA-1,1
CTAAGTGTCCGTGGCA-1,4
CTACAGAGTTGTCCCT-1,3
CTACGGGGTAGACAGC-1,4
CTACGGGGTATGACAA-1,4
CTACTATTCTACCCAC-1,5
CTAGACACACAATGAA-1,3
CTAGGTAAGAGGGTAA-1,1
CTAGGTAAGTGCAGCA-1,3
CTAGGTAGTAGAATGT-1,1
CTAGGTAGTATATGGA-1,2
CTAGGTATCGGCCCAA-1,1
CTATCCGGTTGTCAGT-1,1
CTATCTAAGACCAGAC-1,5
CTCAACCAGAGTGGCT-1,5
CTCAACCGTGCATTAC-1,6
CTCAACCTCAACGAGG-1,1
CTCAAGAAGAAGCTCG-1,3
CTCAAGACATTCGGGC-1,4
CTCAATTCACATGTTG-1,2
CTCACTGCACAGCTGC-1,4
CTCAGAAAGAGCCATG-1,2
CTCAGAACAGTGGGTA-1,1
CTCAGAATCTCGACGG-1,5
CTCAGTCGTAGGTGCA-1,1
CTCATGCTCCACCTGT-1,3
CTCATTATCCCTCTAG-1,3
CTCCAACAGCTCGCAC-1,4
CTCCAACAGCTGAAAT-1,2
CTCCACATCACATTGG-1,6
CTCCTCCAGACGCTCC-1,3
CTCCTCCAGAGAATCT-1,2
CTCCTTTCAGTGCGCT-1,4
CTCGAGGAGCTGGCTC-1,5
CTCTCAGAGAGGCGTT-1,6
CTCTCGAGTTGCCTAA-1,3
CTCTCGAGTTGCGAAG-1,1
CTCTGGTAGATTGACA-1,5
CTGAATGAGACATCAA-1,1
CTGAATGAGTACGAGC-1,4
CTGAGCGTCCACGTAA-1,2
CTGAGGCGTATCGCAT-1,5
CTGAGGCGTTACCGTA-1,1
CTGATCCCACGCTATA-1,3
CTGCAGGAGCGCCCAT-1,1
CTGCAGGCAAGTTCGT-1,1
CTGCATCGTTGTCCCT-1,4
CTGCCATCATGGTACT-1,3
CTGCGAGAGATTAGAC-1,6
CTGCGAGTCACGTAGT-1,4
CTGCTCAAGCATGGGT-1,5
CTGCTCACAAACCATC-1,2
CTGCTCACAACAGCCC-1,3
CTGCTCACAACAGTGG-1,1
CTGCTCACAGACGGAT-1,4
CTGGACGCAGAACTAA-1,1
CTGGACGGTTCATCTT-1,6
CTGTATTCACATTCGA-1,5
CTGTATTGTTTCTATC-1,4
CTGTATTTCGAGAACG-1,6
CTGTCGTCATAATGAG-1,4
CTGTGGGCAAGTGGGT-1,5
CTGTGGGCAGCGTATT-1,4
CTTACCGAGATGACCG-1,2
CTTACCGTCTCTAAGG-1,2
CTTAGGAGTTTGTTCT-1,1
CTTCAATGTCATCCGG-1,5
CTTCCTTTCATTTCCA-1,3
CTTCGGTTCACCATGA-1,5
CTTCTAACATGATCTG-1,1
CTTCTCTTCTTGTGCC-1,3
CTTGAGAAGTGAGTTA-1,5
CTTGATTTCACACCGG-1,3
CTTTCAAAGCCGTCGT-1,5
CTTTCAATCCTTATAC-1,2
CTTTCGGTCAACGTGT-1,1
GAAACCTGTTGGGCCT-1,4
GAACACTGTTGGTAGG-1,1
GAACACTTCAACCCGG-1,3
GAACGTTAGTCAGGGT-1,2
GAAGAATGTGACTGAG-1,2
GAAGAATTCTAGCCTC-1,3
GAAGCCCCAAGGCGTA-1,6
GAAGCCCTCGCTGTCT-1,5
GAAGGGTAGATTGACA-1,6
GAAGGGTGTATACCCA-1,5
GAAGGGTTCTAGTGTG-1,5
GAAGTAATCGGAATTC-1,5
GAAGTAATCTTCCACG-1,6
GAATCGTTCCCAGGAC-1,1
GACCAATGTCCCTGAG-1,2
GACCCAGCAATTTCGG-1,4
GACCCAGTCTTCGGAA-1,1
GACCCTTCAGGATGAC-1,3
GACCCTTGTGGATTTC-1,4
GACGCTGAGGTTATAG-1,1
GACTATGGTATCACCA-1,1
GACTCTCTCCCGAGAC-1,1
GACTCTCTCGAAACAA-1,6
GACTGATGTCAACGCC-1,6
GACTTCCCAAGGATGC-1,3
GACTTCCCAGAGTGTG-1,3
GACTTCCTCTGCTAGA-1,3
GAGACCCAGCTCACTA-1,2
GAGACCCCAGAGCCCT-1,6
GAGACCCTCCATCTGC-1,3
GAGACTTTCATTCTTG-1,3
GAGATGGGTACGATTC-1,3
GAGCTGCAGTGCTCGC-1,2
GAGGCAAAGTGCCAGA-1,3
GAGGCCTGTAAGCGGT-1,2
GAGGGATCAATCCTAG-1,2
GAGGGATCATTCAGCA-1,4
GAGGGATGTAGTACGG-1,1
GAGGGTACATGGGTTT-1,1
GAGTCATAGGTTAAAC-1,2
GAGTCTAAGGATTCCT-1,2
GAGTGAGGTGTTAAAG-1,3
GAGTGTTAGAGCCGTA-1,1
GAGTGTTAGTTGCATC-1,2
GAGTTACAGAAGGGAT-1,6
GAGTTACAGCGTGAGT-1,1
GAGTTACGTATCACGT-1,6
GAGTTGTTCGAGAGAC-1,1
GAGTTTGCAGGGTCTC-1,2
GATAGAATCATGAGAA-1,4
GATAGAATCGCACTCT-1,5
GATAGCTTCCAAGGGA-1,1
GATCACATCACGATAC-1,5
GATCATGAGCCGATAG-1,3
GATCATGAGTCTGCGC-1,5
GATCATGCAACAGAGC-1,2
GATCATGCAAGGAGTC-1,4
GATGACTAGTCCCAGC-1,6
GATGACTTCTGAGGTT-1,5
GATGAGGAGTCTTCCC-1,4
GATGAGGGTAACCCTA-1,3
GATGATCTCGCCAATA-1,3
GATGATCTCTCTATGT-1,5
GATGCTAAGCGAAACC-1,4
GATGCTAGTTTCAGAC-1,3
GATGGAGCACCCTTAC-1,4
GATGTTGAGCTACTAC-1,1
GATTCGAGTACGCGTC-1,6
GATTCTTCAACTAGAA-1,3
GATTCTTCACTAGGTT-1,2
GATTCTTCAGGAAGTC-1,2
GATTTCTAGTACTGTC-1,4
GCAACATCAGTATGAA-1,1
GCAACCGGTAGTACGG-1,4
GCAACCGTCCCGAGAC-1,2
GCACTAACACCTATCC-1,4
GCAGCCACATCGATAC-1,4
GCAGCCATCCATGCAA-1,4
GCAGCCATCTGGAGAG-1,1
GCAGGCTGTTAGAGTA-1,1
GCATCGGAGGTAATCA-1,5
GCATCTCCACGCTTAA-1,4
GCATCTCGTATAGGGC-1,2
GCCAACGCAAAGCTAA-1,3
GCCAACGTCGTGCATA-1,1
GCCAGGTGTACCTGTA-1,1
GCCAGTGAGCAAGCCA-1,6
GCCAGTGAGCAGAAAG-1,4
GCCATGGGTGCAACGA-1,4
GCCATGGTCTTACCAT-1,1
GCCCGAAAGTTCCGGC-1,1
GCCGATGCATGGTACT-1,4
GCCGTGAAGACGGTCA-1,1
GCCGTGACACAATGTC-1,5
GCCGTGAGTCGCACAC-1,4
GCGAGAATCGCTTACC-1,3
GCGATCGCAGCAGTTT-1,6
GCGGAAATCTATTGTC-1,1
GCGGATCCATGCGGTC-1,1
GCGTTTCAGGACTGGT-1,2
GCGTTTCGTGTGCCTG-1,1
GCTACAACATTGCCTC-1,2
GCTACAATCAACGCTA-1,4
GCTCAAACAGGTGAGT-1,3
GCTGAATCAGGTGTGA-1,2
GCTGCAGCAAGCAGGT-1,3
GCTGGGTCATCGTTCC-1,1
GCTGGGTGTTCGGTAT-1,5
GCTTCACAGCATGATA-1,1
GCTTCACAGCCATTGT-1,2
GCTTGGGAGGAGTATT-1,1
GCTTGGGGTCTTCATT-1,5
GCTTTCGAGTACCCTA-1,6
GCTTTCGGTATCGTTG-1,1
GGAACCCAGACTACGG-1,3
GGAATCTGTGGAATGC-1,5
GGAATGGGTAGAATAC-1,1
GGACGTCAGTGTTCAC-1,3
GGATCTACAGGGAGAG-1,1
GGATCTACATGCTGCG-1,2
GGATGTTAGACATATG-1,6
GGATGTTCACTAGGCC-1,3
GGATGTTCATACACCA-1,1
GGCAGTCGTAGAGGAA-1,4
GGCTGTGCAAGTCCCG-1,4
GGCTGTGTCGCTAGCG-1,4
GGCTTGGTCATGAGAA-1,1
GGCTTTCAGTCACACT-1,1
GGGAAGTCAATACGCT-1,3
GGGACAAAGAGAAGGT-1,4
GGGACAAAGTGCACTT-1,2
GGGACAATCGGTTGTA-1,4
GGGACCTAGTTTGAGA-1,1
GGGACCTCAACCGATT-1,2
GGGACCTGTCTGTAGT-1,4
GGGACCTTCGAATGCT-1,3
GGGACTCGTTAAGGAT-1,6
GGGAGTAAGTTTGAGA-1,2
GGGATCCCATAGGTTC-1,4
GGGATCCGTGATTAGA-1,4
GGGATGAGTACGGATG-1,5
GGGATGATCGCCTATC-1,1
GGGCCATAGGTAACTA-1,6
GGGCCATCAATTGAGA-1,3
GGGCCATTCACGAACT-1,3
GGGCGTTAGGAGACCT-1,5
GGGCGTTTCTACGCAA-1,3
GGGCTACAGCCTCCAG-1,6
GGGCTACCACTGGACC-1,1
GGGTAGAAGCCGATAG-1,4
GGGTAGAAGCCGTTAT-1,1
GGGTATTAGTCACTAC-1,3
GGGTCACTCTGTCGTC-1,4
GGGTCTGAGGCCTGAA-1,4
GGGTCTGAGGGAGTTC-1,2
GGGTCTGCATGAGGGT-1,4
GGGTCTGTCCAACTAG-1,2
GGGTGAACACGAGAAC-1,5
GGGTGAAGTCGCACAC-1,4
GGGTGAAGTCTTGCTC-1,5
GGGTGAATCAAAGACA-1,5
GGGTTATGTAGATTGA-1,1
GGTAACTTCGTTGTAG-1,4
GGTAATCAGGTTGGTG-1,1
GGTAATCGTAAGGTCG-1,6
GGTAGAGCAGCTCTGG-1,3
GGTCACGTCACCATAG-1,6
GGTCTGGCAGCGGTTC-1,1
GGTGAAGAGCATTGTC-1,2
GGTGAAGCAACTGGTT-1,2
GGTGTTAAGTAAATGC-1,1
GGTGTTATCCAAGCTA-1,3
GGTGTTATCTCTTCAA-1,4
GGTTCTCCAGCAGATG-1,4
GTAACCACAGCTGTGC-1,1
GTAACCATCATTTGTC-1,1
GTAAGTCAGGTTCAGG-1,2
GTAATCGGTCTGCGCA-1,1
GTACAGTAGCACGATG-1,1
GTAGAAAAGTTCCATG-1,3
GTAGAAATCGACCACG-1,1
GTAGATCGTCAAAGAT-1,6
GTAGCTAGTCATGCAT-1,2
GTAGGTTAGCGACTAG-1,1
GTAGGTTAGGGCAGTT-1,2
GTAGGTTCATCAGTGT-1,6
GTAGTACAGTTGCCTA-1,1
GTAGTACGTCCCGTGA-1,1
GTATTGGCAGCATCTA-1,2
GTCAAACGTACTGCCG-1,5
GTCAAACGTCATAAAG-1,1
GTCAAACTCAAGATAG-1,1
GTCACTCGTTCAGGTT-1,5
GTCATCCCAAGGTTGG-1,1
GTCATCCGTACCCGAC-1,5
GTCATCCTCTCCTACG-1,3
GTCATGAGTCGAACAG-1,4
GTCATGAGTTCTCCTG-1,2
GTCATTTGTTCTAAGC-1,3
GTCCACTCAGACCAGA-1,1
GTCCACTGTCTTGAGT-1,5
GTCCTCACAACCGGAA-1,6
GTCGAATAGGTTATAG-1,3
GTCGAATGTCGTGATT-1,5
GTCGCGACATTCGGGC-1,1
GTCGCGAGTCCTCAGG-1,2
GTCGTAATCTTCGACC-1,1
GTCGTTCAGACGAAGA-1,5
GTCGTTCAGGCCTAGA-1,1
GTCGTTCAGGGTTTCT-1,4
GTCGTTCTCTTCGCTG-1,2
GTCTACCTCGCCAGTG-1,2
GTCTAGAAGATCGACG-1,5
GTCTAGACAACTCATG-1,3
GTCTCACAGTCTGGTT-1,6
GTCTCACTCCCGAGAC-1,1
GTCTGTCGTACTTGTG-1,3
GTCTGTCGTGACATCT-1,1
GTCTGTCTCTGAGAAA-1,5
GTCTTTAAGACTCATC-1,6
GTGAGTTAGTCTTGGT-1,1
GTGAGTTGTAGCGTAG-1,1
GTGATGTAGGACGCTA-1,5
GTGCAGCAGATCGCCC-1,1
GTGCAGCAGGTAAGTT-1,6
GTGCGTGGTCACGACC-1,2
GTGCTGGCATGAAAGT-1,1
GTGGAAGAGAGTTGCG-1,1
GTGGAAGCAATGGCAG-1,1
GTGGAAGCACTCCCTA-1,6
GTGGAGACAACCGTGC-1,5
GTGGCGTAGGGCTGAT-1,6
GTGGTTATCTGTCTCG-1,3
GTGTAACGTTAGGAGC-1,2
GTGTCCTAGCGCAATG-1,2
GTGTGATAGAAAGCGA-1,3
GTGTTCCAGACTTGTC-1,2
GTTACAGGTGCACAAG-1,1
GTTACCCCACCAGCCA-1,3
GTTACCCCATAGTCAC-1,2
GTTACGAGTCCGAAGA-1,2
GTTAGACGTTACAGCT-1,5
GTTCATTTCCGATAAC-1,4
GTTGCGGGTGTACATC-1,2
GTTGCTCTCTCAATCT-1,4
GTTGTAGTCATGAAAG-1,5
GTTTACTCAGCTCTGG-1,4
GTTTACTCAGTCAGAG-1,4
TAACACGTCGCCGATG-1,1
TAACCAGCAGAACCGA-1,1
TAACCAGGTAAGGCTG-1,5
TAACGACTCTGTCCCA-1,4
TAACTTCCACAAACGG-1,1
TAACTTCCATCAACCA-1,4
TAACTTCGTCACTCGG-1,2
TAACTTCTCTTGTTAC-1,5
TAAGCACAGATCCTAC-1,2
TAAGCACGTCATAAAG-1,2
TAAGCCATCCGTATAG-1,3
TAAGTCGCATAGAATG-1,1
TAAGTCGTCTGTCCGT-1,6
TAATCTCCACAGCCAC-1,3
TAATCTCGTACCTAAC-1,3
TAATCTCTCGACTCCT-1,5
TAATCTCTCTAGAACC-1,3
TAATTCCCAACCTAAC-1,1
TACACCCAGCAGATAT-1,5
TACACCCCAATACGCT-1,2
TACACCCTCCATTTAC-1,5
TACAGGTAGATGTTCC-1,4
TACAGGTTCTTGAACG-1,5
TACATTCTCAGCTGTA-1,1
TACCCACAGATGGTCG-1,6
TACCCACCAGTTTCAG-1,5
TACCCACTCGCCGTGA-1,1
TACCGGGGTCCTCATC-1,1
TACCTCGAGCGGTAGT-1,5
TACCTGCGTACAGGTG-1,2
TACGGGCGTACGTAGG-1,1
TACGGGCTCGGCGATC-1,3
TACGGTATCTGAGATC-1,2
TACGTCCAGCAGTAAT-1,4
TACTGCCAGTGGTTGG-1,4
TACTGCCTCGTGACTA-1,1
TACTTCAGTACAAGCG-1,6
TACTTCAGTTAGGCTT-1,4
TACTTGTGTACTAACC-1,3
TAGACCATCTGCATGA-1,4
TAGAGTCGTTCGGCCA-1,2
TAGCACACAGGCCCTA-1,1
TAGGAGGAGCTCCACG-1,5
TAGGAGGGTCCTATAG-1,4
TAGGGTTTCTCCAAGA-1,2
TAGGTACCAGTCGGAA-1,4
TAGGTACTCTATCGGA-1,5
TAGGTTGAGTTCCAGT-1,4
TATACCTGTGTCTTGA-1,2
TATACCTGTTGGGTTT-1,2
TATACCTTCCTGATAG-1,2
TATACCTTCTTTCAGT-1,5
TATCAGGAGCAAGTCG-1,6
TATCAGGTCACATACG-1,1
TATCAGGTCACTTTGT-1,2
TATCCTACAGCGCGTT-1,1
TATCGCCGTGAACTAA-1,3
TATGTTCAGGTCTACT-1,5
TATGTTCTCGACATAC-1,1
TATTGCTAGCGATTCT-1,1
TATTGGGCAAATAAGC-1,2
TCAAGTGAGAAGCCTG-1,5
TCAAGTGGTTACGTAC-1,4
TCAATTCCACAGCTTA-1,3
TCACAAGAGCCGATCC-1,6
TCACGCTCAAATGAGT-1,1
TCACGGGAGCTCACTA-1,2
TCACGGGGTGCACATT-1,2
TCACGGGTCCAGCTCT-1,4
TCACGGGTCCGTGGCA-1,5
TCACTATTCCATCTGC-1,3
TCACTCGAGTCACGCC-1,2
TCAGCCTGTGGAAGTC-1,2
TCAGGGCCATGAAAGT-1,1
TCAGGTACATAGTCAC-1,5
TCAGTCCAGACGACGT-1,4
TCAGTCCAGGGTCTTT-1,2
TCAGTCCCAGGCCCTA-1,6
TCAGTCCTCATTACCT-1,1
TCAGTTTGTAGGTCAG-1,6
TCAGTTTTCATGCATG-1,5
TCATACTGTCGTATTG-1,6
TCATACTTCATTACCT-1,6
TCATACTTCCCATTCG-1,5
TCATCATCACATTGTG-1,1
TCATGAGAGTCATCGT-1,5
TCATGCCTCATTCCTA-1,3
TCATGGAGTAGGCTCC-1,3
TCATTACGTTGCTAGT-1,3
TCATTGTAGTGCGACA-1,1
TCATTGTCAGGGAGAG-1,1
TCCACCAAGGTTAAAC-1,1
TCCACCAGTCTTGAAC-1,4
TCCACGTCAATGGCAG-1,4
TCCACGTCATACCAGT-1,6
TCCACGTGTTCCGTTC-1,5
TCCAGAAAGTATGTAG-1,5
TCCAGAAAGTGTTCCA-1,1
TCCAGAATCATCCTAT-1,3
TCCATCGCAGAGGAAA-1,2
TCCATGCAGTATGACA-1,1
TCCATGCCACTGCACG-1,1
TCCCATGGTCATCCCT-1,2
TCCGATCTCTATCGTT-1,4
TCCGGGAGTTAGAAAC-1,1
TCCTAATAGCATTGAA-1,6
TCCTAATGTCTTGTCC-1,5
TCCTCCCAGAAGTATC-1,2
TCCTCCCAGCGGTATG-1,1
TCCTCCCTCTGAGAGG-1,4
TCCTCGAGTGCGGTAA-1,5
TCCTCTTTCAAGCTTG-1,5
TCCTGCAGTACAGTAA-1,3
TCCTTCTAGTTTGAGA-1,3
TCCTTTCCAAGTCCCG-1,3
TCGAAGTAGTCACGCC-1,2
TCGAAGTCAGGCACTC-1,3
TCGAAGTGTACAGCGA-1,4
TCGACCTCAGTGTATC-1,5
TCGACCTGTACTTCCC-1,4
TCGACCTGTAGCGAGT-1,4
TCGACGGAGCCTGAAG-1,2
TCGATTTCACGAAAGC-1,5
TCGCACTTCAAACCCA-1,2
TCGCTTGCAGGGAATC-1,2
TCGGGACCAGAACTAA-1,2
TCGGGCAGTAGCACAG-1,1
TCGGGCAGTCGGAAAC-1,1
TCGGGTGAGCAAGCCA-1,2
TCGGGTGTCAAGAATG-1,2
TCGGTCTGTTTCTTAC-1,3
TCGGTCTTCTCGCCTA-1,4
TCGTCCACATGACTAC-1,1
TCGTGCTGTTATGTGC-1,1
TCTAACTAGGATGGCT-1,2
TCTACATAGTGTACAA-1,1
TCTATACTCTGAGGCC-1,1
TCTATCAAGCATGCGA-1,1
TCTATCAGTTCAAGTC-1,2
TCTCACGAGCGCTTCG-1,4
TCTCACGAGTATGAAC-1,1
TCTCACGCACTTTAGG-1,4
TCTCACGCAGATCATC-1,5
TCTCTGGTCATTGTGG-1,1
TCTGCCACACCACATA-1,6
TCTGTCGAGATTGACA-1,4
TCTGTCGAGCAACAGC-1,4
TCTTAGTAGTACTGGG-1,1
TCTTAGTAGTCGCTAT-1,4
TCTTCCTCAGAACTTC-1,3
TCTTTGATCACCATCC-1,4
TGAACGTAGTAACCGG-1,5
TGAACGTTCTGATTCT-1,3
TGAATCGGTACTTCCC-1,2
TGAATCGTCGAACTCA-1,5
TGAATGCAGGATTTGA-1,3
TGAATGCGTATTGGCT-1,3
TGACAGTAGAGTCACG-1,1
TGACCCTGTCTACACA-1,4
TGAGCATCACAAAGTA-1,1
TGAGCATGTGCAGGAT-1,1
TGAGCGCCACCACATA-1,1
TGAGCGCGTGAAAGTT-1,6
TGAGGAGCACGGATCC-1,5
TGAGGGAGTAGCGTCC-1,1
TGAGGTTGTGCAACAG-1,4
TGAGTCAGTAGTCACT-1,3
TGATCTTTCCTATGGA-1,3
TGATCTTTCGTGACTA-1,5
TGATGCATCAAAGGTA-1,5
TGATGGTTCGAGAAAT-1,4
TGATTCTAGAGCAGTC-1,3
TGATTCTCATTAAGCC-1,4
TGATTTCTCACATCAG-1,1
TGCACGGTCACAGTGT-1,4
TGCAGATAGGTAAACT-1,1
TGCAGGCCAGGCGTTC-1,5
TGCAGTAAGGTCCAGA-1,6
TGCATCCTCTAGAACC-1,5
TGCATGATCCGCACTT-1,1
TGCGACGCACATCCCT-1,4
TGCGATAAGCTCCACG-1,2
TGCGATAGTCCAGCCA-1,2
TGCGGGTCACAGTCAT-1,3
TGCGGGTCAGACCGCT-1,2
TGCTCGTGTGTCCGGT-1,1
TGCTTCGAGCAGGCAT-1,5
TGCTTCGTCTAAACGC-1,5
TGCTTGCAGTTCATCG-1,2
TGCTTGCAGTTCCTGA-1,3
TGCTTGCGTAGAGTTA-1,1
TGGAGAGAGGAGACCT-1,1
TGGAGAGTCCGGCAAC-1,1
TGGATCACAATGTGGG-1,2
TGGATCACATCATGAC-1,6
TGGATGTAGTTCCTGA-1,1
TGGGAAGAGCTGTGCC-1,4
TGGGAGAAGGTTCTAC-1,3
TGGGAGATCCTTCAGC-1,2
TGGGATTCAGGTTCAT-1,1
TGGGATTTCGGACCAC-1,1
TGGGCGTAGCATAGGC-1,3
TGGGCGTCAGCGAGTA-1,3
TGGGCGTTCCCGATCT-1,1
TGGGCGTTCTGAGTCA-1,4
TGGGCTGAGGCCCGTT-1,4
TGGGCTGGTACTCCCT-1,4
TGGGTTACAGCGAACA-1,2
TGGGTTAGTCTGATAC-1,6
TGGTACAGTACAAACA-1,1
TGGTACAGTGAGACCA-1,1
TGGTAGTTCTTGTTAC-1,1
TGTACAGTCTTTCCAA-1,1
TGTAGACAGAGTGGCT-1,6
TGTCCACCAGCTTTGA-1,1
TGTCCACGTGAGAGGG-1,5
TGTCCCAAGACCAGCA-1,1
TGTCCCAGTGCCTACG-1,1
TGTCCTGAGGTACTGG-1,6
TGTGATGCAAGTGTCT-1,6
TGTGATGTCGTTCCCA-1,6
TGTGCGGAGCCTCTCT-1,5
TGTGCGGAGCGGATCA-1,3
TGTGCGGCAAGAGTAT-1,3
TGTGGCGGTGTGTGGA-1,2
TGTGTGATCGCCTAGG-1,4
TGTTACTCACACCTGG-1,2
TGTTCATTCCACTGAA-1,1
TGTTCCGAGCGAGGAG-1,3
TGTTCTATCTTGCAAG-1,4
TGTTGGAAGGTGGTTG-1,1
TGTTTGTCACCCTATC-1,6
TTAATCCAGCAATTCC-1,5
TTAATCCCAGAGTTCT-1,2
TTACAGGCAGTTACCA-1,2
TTACCATGTCAACCAT-1,3
TTACCATGTCTTTCTA-1,5
TTACCGCGTGCGTGCT-1,2
TTACGCCTCCAACTAG-1,2
TTACGTTAGCAGCCCT-1,1
TTACGTTAGCTCCATA-1,5
TTACTGTCAGTTGGTT-1,3
TTAGGCAGTCGACTTA-1,4
TTAGTCTGTCGCTTAA-1,6
TTATTGCCATGACAAA-1,4
TTCAATCTCAGCTGTA-1,3
TTCATGTTCCTGGTCT-1,2
TTCATTGCAACGGCTC-1,4
TTCATTGGTTCAAGTC-1,2
TTCCACGGTCACCCTT-1,3
TTCCACGGTCGCCACA-1,3
TTCCGGTCAAGAAATC-1,6
TTCCGTGGTCCGGACT-1,6
TTCCTAACATTCTTCA-1,6
TTCCTAATCGCAAGAG-1,6
TTCCTCTAGCCTGTCG-1,6
TTCCTCTGTCTAATCG-1,2
TTCCTTCTCGAAGTGG-1,1
TTCCTTCTCGTTCCCA-1,3
TTCGCTGCACCATTCC-1,3
TTCGCTGGTCTGTCAA-1,2
TTCTAACCACGTTCGG-1,2
TTCTAACGTTTGAAAG-1,1
TTCTTGAAGTACAACA-1,2
TTCTTGACATACAGAA-1,1
TTCTTGAGTTCAAGTC-1,2
TTGAGTGAGTGCACCC-1,6
TTGAGTGCAAACCATC-1,5
TTGAGTGTCTCGACGG-1,5
TTGATGGTCACTTGTT-1,3
TTGCATTTCTCGGCTT-1,1
TTGCCTGTCGGCATCG-1,1
TTGCGTCAGGCCTTGC-1,5
TTGCTGCTCAGTGCGC-1,4
TTGGATGTCCATCGTC-1,4
TTGGGATAGTCACAGG-1,5
TTGGGATTCTGCCTGT-1,1
TTGGGCGCACCGCTAG-1,4
TTGGGCGTCACCATGA-1,6
TTGGGTAGTACGAGTG-1,6
TTGGTTTAGACATAAC-1,4
TTGGTTTCAAGGTCAG-1,2
TTGGTTTGTTGCGAAG-1,1
TTGTGGAAGGAAAGAC-1,6
TTGTGTTGTATCGATC-1,1
TTGTTCAAGGATTACA-1,4
TTTACCACATACTTTC-1,3
TTTACCAGTACAGTCT-1,1
TTTACTGAGTATGATG-1,1
TTTAGTCCAATGGCAG-1,1
TTTAGTCCATTGCTTT-1,1
TTTCACAAGCATATGA-1,6
TTTCAGTAGACTGGGT-1,5
TTTCAGTCAAGTTCCA-1,5
TTTCAGTGTTGAATCC-1,2
TTTCAGTTCTGTTGGA-1,1
TTTCATGCAAGCCATT-1,2
TTTCCTCTCTGTTGGA-1,3
TTTCGATAGTGACCTT-1,6
TTTGACTGTGGACTGA-1,6
TTTGGAGCAGACCGCT-1,5
TTTGGTTAGCTAAGTA-1,5
TTTGGTTAGGGTTTCT-1,3
TTTGGTTTCGAGAACG-1,3
TTTGTTGTCTCAACCC-1,1
