index	cluster	sample
sample_1_cell_1_A	A	1
sample_1_cell_2_A	A	1
sample_1_cell_3_A	A	1
sample_1_cell_4_A	A	1
sample_1_cell_5_A	A	1
sample_1_cell_6_A	A	1
sample_1_cell_7_A	A	1
sample_1_cell_8_A	A	1
sample_1_cell_9_A	A	1
sample_1_cell_10_A	A	1
sample_1_cell_11_A	A	1
sample_1_cell_12_A	A	1
sample_1_cell_13_A	A	1
sample_1_cell_14_A	A	1
sample_1_cell_15_A	A	1
sample_1_cell_16_A	A	1
sample_1_cell_17_A	A	1
sample_1_cell_18_A	A	1
sample_1_cell_19_A	A	1
sample_1_cell_20_A	A	1
sample_1_cell_21_A	A	1
sample_1_cell_22_A	A	1
sample_1_cell_23_A	A	1
sample_1_cell_24_A	A	1
sample_1_cell_25_A	A	1
sample_1_cell_26_A	A	1
sample_1_cell_27_A	A	1
sample_1_cell_28_A	A	1
sample_1_cell_29_A	A	1
sample_1_cell_30_A	A	1
sample_1_cell_31_A	A	1
sample_1_cell_32_A	A	1
sample_1_cell_33_A	A	1
sample_1_cell_34_A	A	1
sample_1_cell_35_B	B	1
sample_1_cell_36_B	B	1
sample_1_cell_37_B	B	1
sample_1_cell_38_B	B	1
sample_1_cell_39_B	B	1
sample_1_cell_40_B	B	1
sample_1_cell_41_B	B	1
sample_1_cell_42_B	B	1
sample_1_cell_43_B	B	1
sample_1_cell_44_B	B	1
sample_1_cell_45_B	B	1
sample_1_cell_46_B	B	1
sample_1_cell_47_B	B	1
sample_1_cell_48_B	B	1
sample_1_cell_49_B	B	1
sample_1_cell_50_B	B	1
sample_1_cell_51_B	B	1
sample_1_cell_52_B	B	1
sample_1_cell_53_B	B	1
sample_1_cell_54_B	B	1
sample_1_cell_55_B	B	1
sample_1_cell_56_B	B	1
sample_1_cell_57_B	B	1
sample_1_cell_58_B	B	1
sample_1_cell_59_B	B	1
sample_1_cell_60_B	B	1
sample_1_cell_61_B	B	1
sample_1_cell_62_B	B	1
sample_1_cell_63_B	B	1
sample_1_cell_64_B	B	1
sample_1_cell_65_B	B	1
sample_1_cell_66_B	B	1
sample_1_cell_67_B	B	1
sample_1_cell_68_B	B	1
sample_1_cell_69_B	B	1
sample_1_cell_70_C	C	1
sample_1_cell_71_C	C	1
sample_1_cell_72_C	C	1
sample_1_cell_73_C	C	1
sample_1_cell_74_C	C	1
sample_1_cell_75_C	C	1
sample_1_cell_76_C	C	1
sample_1_cell_77_C	C	1
sample_1_cell_78_C	C	1
sample_1_cell_79_C	C	1
sample_1_cell_80_C	C	1
sample_1_cell_81_C	C	1
sample_1_cell_82_C	C	1
sample_1_cell_83_C	C	1
sample_1_cell_84_C	C	1
sample_1_cell_85_C	C	1
sample_1_cell_86_C	C	1
sample_1_cell_87_C	C	1
sample_1_cell_88_C	C	1
sample_1_cell_89_C	C	1
sample_1_cell_90_C	C	1
sample_1_cell_91_C	C	1
sample_1_cell_92_C	C	1
sample_1_cell_93_C	C	1
sample_1_cell_94_C	C	1
sample_1_cell_95_C	C	1
sample_1_cell_96_C	C	1
sample_1_cell_97_C	C	1
sample_1_cell_98_C	C	1
sample_1_cell_99_C	C	1
sample_1_cell_100_C	C	1
sample_1_cell_101_C	C	1
sample_1_cell_102_C	C	1
sample_1_cell_103_C	C	1
sample_1_cell_104_C	C	1
sample_1_cell_105_C	C	1
sample_1_cell_106_C	C	1
sample_1_cell_107_C	C	1
sample_1_cell_108_C	C	1
sample_1_cell_109_C	C	1
sample_1_cell_110_C	C	1
sample_1_cell_111_C	C	1
sample_1_cell_112_C	C	1
sample_1_cell_113_C	C	1
sample_1_cell_114_C	C	1
sample_1_cell_115_C	C	1
sample_1_cell_116_C	C	1
sample_1_cell_117_C	C	1
sample_1_cell_118_D	D	1
sample_1_cell_119_D	D	1
sample_1_cell_120_D	D	1
sample_1_cell_121_D	D	1
sample_1_cell_122_D	D	1
sample_1_cell_123_D	D	1
sample_1_cell_124_D	D	1
sample_1_cell_125_D	D	1
sample_1_cell_126_D	D	1
sample_1_cell_127_D	D	1
sample_1_cell_128_D	D	1
sample_1_cell_129_D	D	1
sample_1_cell_130_D	D	1
sample_1_cell_131_D	D	1
sample_1_cell_132_D	D	1
sample_1_cell_133_D	D	1
sample_1_cell_134_D	D	1
sample_1_cell_135_D	D	1
sample_1_cell_136_D	D	1
sample_1_cell_137_D	D	1
sample_1_cell_138_D	D	1
sample_1_cell_139_D	D	1
sample_1_cell_140_D	D	1
sample_1_cell_141_D	D	1
sample_1_cell_142_D	D	1
sample_1_cell_143_D	D	1
sample_1_cell_144_D	D	1
sample_1_cell_145_D	D	1
sample_1_cell_146_D	D	1
sample_1_cell_147_D	D	1
sample_1_cell_148_D	D	1
sample_1_cell_149_D	D	1
sample_1_cell_150_D	D	1
sample_1_cell_151_D	D	1
sample_1_cell_152_D	D	1
sample_1_cell_153_D	D	1
sample_1_cell_154_D	D	1
sample_1_cell_155_D	D	1
sample_1_cell_156_D	D	1
sample_1_cell_157_D	D	1
sample_1_cell_158_D	D	1
sample_1_cell_159_D	D	1
sample_1_cell_160_D	D	1
sample_1_cell_161_D	D	1
sample_1_cell_162_D	D	1
sample_1_cell_163_D	D	1
sample_1_cell_164_D	D	1
sample_1_cell_165_D	D	1
sample_1_cell_166_D	D	1
sample_2_cell_1_A	A	2
sample_2_cell_2_A	A	2
sample_2_cell_3_A	A	2
sample_2_cell_4_A	A	2
sample_2_cell_5_A	A	2
sample_2_cell_6_A	A	2
sample_2_cell_7_A	A	2
sample_2_cell_8_A	A	2
sample_2_cell_9_A	A	2
sample_2_cell_10_A	A	2
sample_2_cell_11_A	A	2
sample_2_cell_12_A	A	2
sample_2_cell_13_A	A	2
sample_2_cell_14_A	A	2
sample_2_cell_15_A	A	2
sample_2_cell_16_A	A	2
sample_2_cell_17_A	A	2
sample_2_cell_18_A	A	2
sample_2_cell_19_A	A	2
sample_2_cell_20_A	A	2
sample_2_cell_21_A	A	2
sample_2_cell_22_A	A	2
sample_2_cell_23_A	A	2
sample_2_cell_24_A	A	2
sample_2_cell_25_A	A	2
sample_2_cell_26_A	A	2
sample_2_cell_27_A	A	2
sample_2_cell_28_A	A	2
sample_2_cell_29_B	B	2
sample_2_cell_30_B	B	2
sample_2_cell_31_B	B	2
sample_2_cell_32_B	B	2
sample_2_cell_33_B	B	2
sample_2_cell_34_B	B	2
sample_2_cell_35_B	B	2
sample_2_cell_36_B	B	2
sample_2_cell_37_B	B	2
sample_2_cell_38_B	B	2
sample_2_cell_39_B	B	2
sample_2_cell_40_B	B	2
sample_2_cell_41_B	B	2
sample_2_cell_42_B	B	2
sample_2_cell_43_B	B	2
sample_2_cell_44_B	B	2
sample_2_cell_45_B	B	2
sample_2_cell_46_B	B	2
sample_2_cell_47_C	C	2
sample_2_cell_48_C	C	2
sample_2_cell_49_C	C	2
sample_2_cell_50_C	C	2
sample_2_cell_51_C	C	2
sample_2_cell_52_C	C	2
sample_2_cell_53_C	C	2
sample_2_cell_54_C	C	2
sample_2_cell_55_C	C	2
sample_2_cell_56_C	C	2
sample_2_cell_57_C	C	2
sample_2_cell_58_C	C	2
sample_2_cell_59_C	C	2
sample_2_cell_60_C	C	2
sample_2_cell_61_C	C	2
sample_2_cell_62_C	C	2
sample_2_cell_63_C	C	2
sample_2_cell_64_C	C	2
sample_2_cell_65_C	C	2
sample_2_cell_66_C	C	2
sample_2_cell_67_C	C	2
sample_2_cell_68_C	C	2
sample_2_cell_69_C	C	2
sample_2_cell_70_C	C	2
sample_2_cell_71_C	C	2
sample_2_cell_72_C	C	2
sample_2_cell_73_C	C	2
sample_2_cell_74_C	C	2
sample_2_cell_75_C	C	2
sample_2_cell_76_C	C	2
sample_2_cell_77_C	C	2
sample_2_cell_78_C	C	2
sample_2_cell_79_C	C	2
sample_2_cell_80_C	C	2
sample_2_cell_81_C	C	2
sample_2_cell_82_C	C	2
sample_2_cell_83_C	C	2
sample_2_cell_84_C	C	2
sample_2_cell_85_C	C	2
sample_2_cell_86_C	C	2
sample_2_cell_87_C	C	2
sample_2_cell_88_C	C	2
sample_2_cell_89_C	C	2
sample_2_cell_90_C	C	2
sample_2_cell_91_C	C	2
sample_2_cell_92_D	D	2
sample_2_cell_93_D	D	2
sample_2_cell_94_D	D	2
sample_2_cell_95_D	D	2
sample_2_cell_96_D	D	2
sample_2_cell_97_D	D	2
sample_2_cell_98_D	D	2
sample_2_cell_99_D	D	2
sample_2_cell_100_D	D	2
sample_2_cell_101_D	D	2
sample_2_cell_102_D	D	2
sample_2_cell_103_D	D	2
sample_2_cell_104_D	D	2
sample_2_cell_105_D	D	2
sample_2_cell_106_D	D	2
sample_2_cell_107_D	D	2
sample_2_cell_108_D	D	2
sample_2_cell_109_D	D	2
sample_2_cell_110_D	D	2
sample_2_cell_111_D	D	2
sample_2_cell_112_D	D	2
sample_2_cell_113_D	D	2
sample_2_cell_114_D	D	2
sample_2_cell_115_D	D	2
sample_2_cell_116_D	D	2
sample_2_cell_117_D	D	2
sample_2_cell_118_D	D	2
sample_2_cell_119_D	D	2
sample_2_cell_120_D	D	2
sample_2_cell_121_D	D	2
sample_2_cell_122_D	D	2
sample_2_cell_123_D	D	2
sample_2_cell_124_D	D	2
sample_2_cell_125_D	D	2
sample_2_cell_126_D	D	2
sample_2_cell_127_D	D	2
sample_2_cell_128_D	D	2
sample_2_cell_129_D	D	2
sample_2_cell_130_D	D	2
sample_2_cell_131_D	D	2
sample_2_cell_132_D	D	2
sample_2_cell_133_D	D	2
sample_2_cell_134_D	D	2
sample_2_cell_135_D	D	2
sample_2_cell_136_D	D	2
sample_2_cell_137_D	D	2
sample_2_cell_138_D	D	2
sample_2_cell_139_D	D	2
sample_2_cell_140_D	D	2
sample_2_cell_141_D	D	2
sample_3_cell_1_A	A	3
sample_3_cell_2_A	A	3
sample_3_cell_3_A	A	3
sample_3_cell_4_A	A	3
sample_3_cell_5_A	A	3
sample_3_cell_6_A	A	3
sample_3_cell_7_A	A	3
sample_3_cell_8_A	A	3
sample_3_cell_9_A	A	3
sample_3_cell_10_A	A	3
sample_3_cell_11_A	A	3
sample_3_cell_12_A	A	3
sample_3_cell_13_A	A	3
sample_3_cell_14_A	A	3
sample_3_cell_15_A	A	3
sample_3_cell_16_A	A	3
sample_3_cell_17_A	A	3
sample_3_cell_18_A	A	3
sample_3_cell_19_A	A	3
sample_3_cell_20_A	A	3
sample_3_cell_21_A	A	3
sample_3_cell_22_A	A	3
sample_3_cell_23_A	A	3
sample_3_cell_24_A	A	3
sample_3_cell_25_A	A	3
sample_3_cell_26_A	A	3
sample_3_cell_27_A	A	3
sample_3_cell_28_A	A	3
sample_3_cell_29_A	A	3
sample_3_cell_30_B	B	3
sample_3_cell_31_B	B	3
sample_3_cell_32_B	B	3
sample_3_cell_33_B	B	3
sample_3_cell_34_B	B	3
sample_3_cell_35_B	B	3
sample_3_cell_36_B	B	3
sample_3_cell_37_B	B	3
sample_3_cell_38_B	B	3
sample_3_cell_39_B	B	3
sample_3_cell_40_B	B	3
sample_3_cell_41_B	B	3
sample_3_cell_42_B	B	3
sample_3_cell_43_B	B	3
sample_3_cell_44_B	B	3
sample_3_cell_45_B	B	3
sample_3_cell_46_B	B	3
sample_3_cell_47_B	B	3
sample_3_cell_48_B	B	3
sample_3_cell_49_B	B	3
sample_3_cell_50_B	B	3
sample_3_cell_51_B	B	3
sample_3_cell_52_B	B	3
sample_3_cell_53_B	B	3
sample_3_cell_54_B	B	3
sample_3_cell_55_B	B	3
sample_3_cell_56_B	B	3
sample_3_cell_57_B	B	3
sample_3_cell_58_B	B	3
sample_3_cell_59_B	B	3
sample_3_cell_60_C	C	3
sample_3_cell_61_C	C	3
sample_3_cell_62_C	C	3
sample_3_cell_63_C	C	3
sample_3_cell_64_C	C	3
sample_3_cell_65_C	C	3
sample_3_cell_66_C	C	3
sample_3_cell_67_C	C	3
sample_3_cell_68_C	C	3
sample_3_cell_69_C	C	3
sample_3_cell_70_C	C	3
sample_3_cell_71_C	C	3
sample_3_cell_72_C	C	3
sample_3_cell_73_C	C	3
sample_3_cell_74_C	C	3
sample_3_cell_75_C	C	3
sample_3_cell_76_C	C	3
sample_3_cell_77_C	C	3
sample_3_cell_78_C	C	3
sample_3_cell_79_C	C	3
sample_3_cell_80_C	C	3
sample_3_cell_81_C	C	3
sample_3_cell_82_C	C	3
sample_3_cell_83_C	C	3
sample_3_cell_84_C	C	3
sample_3_cell_85_C	C	3
sample_3_cell_86_C	C	3
sample_3_cell_87_C	C	3
sample_3_cell_88_C	C	3
sample_3_cell_89_C	C	3
sample_3_cell_90_C	C	3
sample_3_cell_91_C	C	3
sample_3_cell_92_C	C	3
sample_3_cell_93_C	C	3
sample_3_cell_94_C	C	3
sample_3_cell_95_C	C	3
sample_3_cell_96_C	C	3
sample_3_cell_97_D	D	3
sample_3_cell_98_D	D	3
sample_3_cell_99_D	D	3
sample_3_cell_100_D	D	3
sample_3_cell_101_D	D	3
sample_3_cell_102_D	D	3
sample_3_cell_103_D	D	3
sample_3_cell_104_D	D	3
sample_3_cell_105_D	D	3
sample_3_cell_106_D	D	3
sample_3_cell_107_D	D	3
sample_3_cell_108_D	D	3
sample_3_cell_109_D	D	3
sample_3_cell_110_D	D	3
sample_3_cell_111_D	D	3
sample_3_cell_112_D	D	3
sample_3_cell_113_D	D	3
sample_3_cell_114_D	D	3
sample_3_cell_115_D	D	3
sample_3_cell_116_D	D	3
sample_3_cell_117_D	D	3
sample_3_cell_118_D	D	3
sample_3_cell_119_D	D	3
sample_3_cell_120_D	D	3
sample_3_cell_121_D	D	3
sample_3_cell_122_D	D	3
sample_3_cell_123_D	D	3
sample_3_cell_124_D	D	3
sample_3_cell_125_D	D	3
sample_3_cell_126_D	D	3
sample_3_cell_127_D	D	3
sample_3_cell_128_D	D	3
sample_3_cell_129_D	D	3
sample_3_cell_130_D	D	3
sample_3_cell_131_D	D	3
sample_3_cell_132_D	D	3
sample_3_cell_133_D	D	3
sample_3_cell_134_D	D	3
sample_3_cell_135_D	D	3
sample_3_cell_136_D	D	3
sample_4_cell_1_A	A	4
sample_4_cell_2_A	A	4
sample_4_cell_3_A	A	4
sample_4_cell_4_A	A	4
sample_4_cell_5_A	A	4
sample_4_cell_6_A	A	4
sample_4_cell_7_A	A	4
sample_4_cell_8_A	A	4
sample_4_cell_9_A	A	4
sample_4_cell_10_A	A	4
sample_4_cell_11_A	A	4
sample_4_cell_12_B	B	4
sample_4_cell_13_B	B	4
sample_4_cell_14_B	B	4
sample_4_cell_15_B	B	4
sample_4_cell_16_B	B	4
sample_4_cell_17_B	B	4
sample_4_cell_18_B	B	4
sample_4_cell_19_B	B	4
sample_4_cell_20_B	B	4
sample_4_cell_21_B	B	4
sample_4_cell_22_B	B	4
sample_4_cell_23_B	B	4
sample_4_cell_24_B	B	4
sample_4_cell_25_B	B	4
sample_4_cell_26_B	B	4
sample_4_cell_27_B	B	4
sample_4_cell_28_B	B	4
sample_4_cell_29_B	B	4
sample_4_cell_30_B	B	4
sample_4_cell_31_B	B	4
sample_4_cell_32_B	B	4
sample_4_cell_33_B	B	4
sample_4_cell_34_B	B	4
sample_4_cell_35_B	B	4
sample_4_cell_36_B	B	4
sample_4_cell_37_B	B	4
sample_4_cell_38_B	B	4
sample_4_cell_39_B	B	4
sample_4_cell_40_B	B	4
sample_4_cell_41_C	C	4
sample_4_cell_42_C	C	4
sample_4_cell_43_C	C	4
sample_4_cell_44_C	C	4
sample_4_cell_45_C	C	4
sample_4_cell_46_C	C	4
sample_4_cell_47_C	C	4
sample_4_cell_48_C	C	4
sample_4_cell_49_C	C	4
sample_4_cell_50_C	C	4
sample_4_cell_51_C	C	4
sample_4_cell_52_C	C	4
sample_4_cell_53_C	C	4
sample_4_cell_54_C	C	4
sample_4_cell_55_C	C	4
sample_4_cell_56_C	C	4
sample_4_cell_57_C	C	4
sample_4_cell_58_C	C	4
sample_4_cell_59_C	C	4
sample_4_cell_60_C	C	4
sample_4_cell_61_C	C	4
sample_4_cell_62_C	C	4
sample_4_cell_63_C	C	4
sample_4_cell_64_C	C	4
sample_4_cell_65_C	C	4
sample_4_cell_66_C	C	4
sample_4_cell_67_C	C	4
sample_4_cell_68_C	C	4
sample_4_cell_69_C	C	4
sample_4_cell_70_C	C	4
sample_4_cell_71_C	C	4
sample_4_cell_72_C	C	4
sample_4_cell_73_C	C	4
sample_4_cell_74_D	D	4
sample_4_cell_75_D	D	4
sample_4_cell_76_D	D	4
sample_4_cell_77_D	D	4
sample_4_cell_78_D	D	4
sample_4_cell_79_D	D	4
sample_4_cell_80_D	D	4
sample_4_cell_81_D	D	4
sample_4_cell_82_D	D	4
sample_4_cell_83_D	D	4
sample_4_cell_84_D	D	4
sample_4_cell_85_D	D	4
sample_4_cell_86_D	D	4
sample_4_cell_87_D	D	4
sample_4_cell_88_D	D	4
sample_4_cell_89_D	D	4
sample_4_cell_90_D	D	4
sample_4_cell_91_D	D	4
sample_4_cell_92_D	D	4
sample_4_cell_93_D	D	4
sample_4_cell_94_D	D	4
sample_4_cell_95_D	D	4
sample_4_cell_96_D	D	4
sample_4_cell_97_D	D	4
sample_4_cell_98_D	D	4
sample_4_cell_99_D	D	4
sample_4_cell_100_D	D	4
