index	cluster	sample	n_genes	n_counts
sample_1_cell_1_A	A	s1	668	7392.0
sample_1_cell_2_A	A	s1	654	8142.0
sample_1_cell_3_A	A	s1	736	11126.0
sample_1_cell_4_A	A	s1	657	6841.0
sample_1_cell_5_A	A	s1	792	16795.0
sample_1_cell_6_A	A	s1	720	9246.0
sample_1_cell_7_A	A	s1	778	16038.0
sample_1_cell_8_A	A	s1	680	7420.0
sample_1_cell_9_A	A	s1	815	20114.0
sample_1_cell_10_A	A	s1	767	14012.0
sample_1_cell_11_A	A	s1	590	4182.0
sample_1_cell_12_A	A	s1	701	9248.0
sample_1_cell_13_A	A	s1	791	15635.0
sample_1_cell_14_A	A	s1	826	26657.0
sample_1_cell_15_A	A	s1	760	14503.0
sample_1_cell_16_A	A	s1	587	4427.0
sample_1_cell_17_A	A	s1	733	11808.0
sample_1_cell_18_A	A	s1	661	7532.0
sample_1_cell_19_A	A	s1	706	9580.0
sample_1_cell_20_A	A	s1	733	12328.0
sample_1_cell_21_A	A	s1	664	7240.0
sample_1_cell_22_A	A	s1	679	8421.0
sample_1_cell_23_A	A	s1	714	10247.0
sample_1_cell_24_A	A	s1	752	12343.0
sample_1_cell_25_A	A	s1	735	11332.0
sample_1_cell_26_A	A	s1	648	5969.0
sample_1_cell_27_A	A	s1	656	7261.0
sample_1_cell_28_A	A	s1	707	9547.0
sample_1_cell_29_A	A	s1	750	12821.0
sample_1_cell_30_A	A	s1	668	7937.0
sample_1_cell_31_A	A	s1	758	13364.0
sample_1_cell_32_A	A	s1	750	13928.0
sample_1_cell_33_A	A	s1	731	12567.0
sample_1_cell_34_A	A	s1	749	12909.0
sample_1_cell_35_B	B	s1	686	8455.0
sample_1_cell_36_B	B	s1	659	7658.0
sample_1_cell_37_B	B	s1	728	11410.0
sample_1_cell_38_B	B	s1	597	5160.0
sample_1_cell_39_B	B	s1	651	7094.0
sample_1_cell_40_B	B	s1	791	15674.0
sample_1_cell_41_B	B	s1	741	13454.0
sample_1_cell_42_B	B	s1	658	7516.0
sample_1_cell_43_B	B	s1	699	10304.0
sample_1_cell_44_B	B	s1	752	13211.0
sample_1_cell_45_B	B	s1	766	15223.0
sample_1_cell_46_B	B	s1	730	10344.0
sample_1_cell_47_B	B	s1	676	8309.0
sample_1_cell_48_B	B	s1	735	13867.0
sample_1_cell_49_B	B	s1	695	9480.0
sample_1_cell_50_B	B	s1	582	5023.0
sample_1_cell_51_B	B	s1	704	9293.0
sample_1_cell_52_B	B	s1	552	4147.0
sample_1_cell_53_B	B	s1	757	14422.0
sample_1_cell_54_B	B	s1	751	12064.0
sample_1_cell_55_B	B	s1	706	11273.0
sample_1_cell_56_B	B	s1	753	14706.0
sample_1_cell_57_B	B	s1	627	5799.0
sample_1_cell_58_B	B	s1	656	7723.0
sample_1_cell_59_B	B	s1	784	21530.0
sample_1_cell_60_B	B	s1	782	17694.0
sample_1_cell_61_B	B	s1	712	10229.0
sample_1_cell_62_B	B	s1	709	10653.0
sample_1_cell_63_B	B	s1	759	12493.0
sample_1_cell_64_B	B	s1	706	10602.0
sample_1_cell_65_B	B	s1	679	7692.0
sample_1_cell_66_B	B	s1	637	6573.0
sample_1_cell_67_B	B	s1	768	16082.0
sample_1_cell_68_B	B	s1	665	6472.0
sample_1_cell_69_B	B	s1	691	9069.0
sample_1_cell_70_C	C	s1	799	19779.0
sample_1_cell_71_C	C	s1	740	11585.0
sample_1_cell_72_C	C	s1	734	12428.0
sample_1_cell_73_C	C	s1	663	7711.0
sample_1_cell_74_C	C	s1	777	16484.0
sample_1_cell_75_C	C	s1	738	11425.0
sample_1_cell_76_C	C	s1	655	7399.0
sample_1_cell_77_C	C	s1	769	15889.0
sample_1_cell_78_C	C	s1	767	14943.0
sample_1_cell_79_C	C	s1	688	8810.0
sample_1_cell_80_C	C	s1	768	17653.0
sample_1_cell_81_C	C	s1	596	5377.0
sample_1_cell_82_C	C	s1	643	6753.0
sample_1_cell_83_C	C	s1	778	16160.0
sample_1_cell_84_C	C	s1	712	9349.0
sample_1_cell_85_C	C	s1	741	11944.0
sample_1_cell_86_C	C	s1	609	5111.0
sample_1_cell_87_C	C	s1	650	6895.0
sample_1_cell_88_C	C	s1	810	23060.0
sample_1_cell_89_C	C	s1	765	13862.0
sample_1_cell_90_C	C	s1	609	4637.0
sample_1_cell_91_C	C	s1	564	4364.0
sample_1_cell_92_C	C	s1	525	3491.0
sample_1_cell_93_C	C	s1	612	5695.0
sample_1_cell_94_C	C	s1	671	7736.0
sample_1_cell_95_C	C	s1	734	11224.0
sample_1_cell_96_C	C	s1	681	8002.0
sample_1_cell_97_C	C	s1	693	9066.0
sample_1_cell_98_C	C	s1	637	5672.0
sample_1_cell_99_C	C	s1	628	6265.0
sample_1_cell_100_C	C	s1	733	12135.0
sample_1_cell_101_C	C	s1	598	4625.0
sample_1_cell_102_C	C	s1	777	16793.0
sample_1_cell_103_C	C	s1	727	11295.0
sample_1_cell_104_C	C	s1	580	4504.0
sample_1_cell_105_C	C	s1	709	10214.0
sample_1_cell_106_C	C	s1	565	4003.0
sample_1_cell_107_C	C	s1	743	13273.0
sample_1_cell_108_C	C	s1	502	3034.0
sample_1_cell_109_C	C	s1	780	15384.0
sample_1_cell_110_C	C	s1	754	12951.0
sample_1_cell_111_C	C	s1	702	10337.0
sample_1_cell_112_C	C	s1	719	10157.0
sample_1_cell_113_C	C	s1	740	11818.0
sample_1_cell_114_C	C	s1	715	9141.0
sample_1_cell_115_C	C	s1	747	12387.0
sample_1_cell_116_C	C	s1	719	10451.0
sample_1_cell_117_C	C	s1	739	10611.0
sample_1_cell_118_D	D	s1	731	12917.0
sample_1_cell_119_D	D	s1	800	23639.0
sample_1_cell_120_D	D	s1	614	6206.0
sample_1_cell_121_D	D	s1	763	14942.0
sample_1_cell_122_D	D	s1	799	23500.0
sample_1_cell_123_D	D	s1	717	12151.0
sample_1_cell_124_D	D	s1	692	8705.0
sample_1_cell_125_D	D	s1	640	6954.0
sample_1_cell_126_D	D	s1	597	5672.0
sample_1_cell_127_D	D	s1	736	12830.0
sample_1_cell_128_D	D	s1	595	6009.0
sample_1_cell_129_D	D	s1	672	8542.0
sample_1_cell_130_D	D	s1	688	9822.0
sample_1_cell_131_D	D	s1	762	16431.0
sample_1_cell_132_D	D	s1	763	15920.0
sample_1_cell_133_D	D	s1	785	20700.0
sample_1_cell_134_D	D	s1	722	14245.0
sample_1_cell_135_D	D	s1	619	6927.0
sample_1_cell_136_D	D	s1	694	10446.0
sample_1_cell_137_D	D	s1	777	20866.0
sample_1_cell_138_D	D	s1	708	10539.0
sample_1_cell_139_D	D	s1	754	16550.0
sample_1_cell_140_D	D	s1	752	13601.0
sample_1_cell_141_D	D	s1	770	16219.0
sample_1_cell_142_D	D	s1	771	18184.0
sample_1_cell_143_D	D	s1	692	9483.0
sample_1_cell_144_D	D	s1	710	10164.0
sample_1_cell_145_D	D	s1	737	13313.0
sample_1_cell_146_D	D	s1	708	10949.0
sample_1_cell_147_D	D	s1	827	32968.0
sample_1_cell_148_D	D	s1	738	12678.0
sample_1_cell_149_D	D	s1	714	11825.0
sample_1_cell_150_D	D	s1	770	16314.0
sample_1_cell_151_D	D	s1	706	12857.0
sample_1_cell_152_D	D	s1	730	15136.0
sample_1_cell_153_D	D	s1	779	14754.0
sample_1_cell_154_D	D	s1	800	20801.0
sample_1_cell_155_D	D	s1	818	28659.0
sample_1_cell_156_D	D	s1	790	20962.0
sample_1_cell_157_D	D	s1	855	38562.0
sample_1_cell_158_D	D	s1	805	22696.0
sample_1_cell_159_D	D	s1	730	12496.0
sample_1_cell_160_D	D	s1	767	18340.0
sample_1_cell_161_D	D	s1	837	26683.0
sample_1_cell_162_D	D	s1	717	11297.0
sample_1_cell_163_D	D	s1	758	16012.0
sample_1_cell_164_D	D	s1	775	19627.0
sample_1_cell_165_D	D	s1	750	13314.0
sample_1_cell_166_D	D	s1	703	10981.0
sample_2_cell_1_A	A	s2	599	5141.0
sample_2_cell_2_A	A	s2	749	13314.0
sample_2_cell_3_A	A	s2	524	3512.0
sample_2_cell_4_A	A	s2	725	11445.0
sample_2_cell_5_A	A	s2	814	21281.0
sample_2_cell_6_A	A	s2	672	7603.0
sample_2_cell_7_A	A	s2	729	10859.0
sample_2_cell_8_A	A	s2	684	8038.0
sample_2_cell_9_A	A	s2	638	5545.0
sample_2_cell_10_A	A	s2	743	12179.0
sample_2_cell_11_A	A	s2	662	6329.0
sample_2_cell_12_A	A	s2	733	11132.0
sample_2_cell_13_A	A	s2	773	14682.0
sample_2_cell_14_A	A	s2	706	9861.0
sample_2_cell_15_A	A	s2	717	9715.0
sample_2_cell_16_A	A	s2	798	17839.0
sample_2_cell_17_A	A	s2	743	12381.0
sample_2_cell_18_A	A	s2	689	8158.0
sample_2_cell_19_A	A	s2	768	14700.0
sample_2_cell_20_A	A	s2	760	13137.0
sample_2_cell_21_A	A	s2	717	10823.0
sample_2_cell_22_A	A	s2	746	12413.0
sample_2_cell_23_A	A	s2	737	12859.0
sample_2_cell_24_A	A	s2	748	12077.0
sample_2_cell_25_A	A	s2	654	7365.0
sample_2_cell_26_A	A	s2	744	11802.0
sample_2_cell_27_A	A	s2	718	9175.0
sample_2_cell_28_A	A	s2	719	10420.0
sample_2_cell_29_B	B	s2	671	7950.0
sample_2_cell_30_B	B	s2	666	7591.0
sample_2_cell_31_B	B	s2	622	6154.0
sample_2_cell_32_B	B	s2	799	22345.0
sample_2_cell_33_B	B	s2	783	16409.0
sample_2_cell_34_B	B	s2	722	10667.0
sample_2_cell_35_B	B	s2	696	8841.0
sample_2_cell_36_B	B	s2	648	6512.0
sample_2_cell_37_B	B	s2	590	4662.0
sample_2_cell_38_B	B	s2	756	14096.0
sample_2_cell_39_B	B	s2	813	20070.0
sample_2_cell_40_B	B	s2	665	7987.0
sample_2_cell_41_B	B	s2	755	14714.0
sample_2_cell_42_B	B	s2	728	11068.0
sample_2_cell_43_B	B	s2	711	11524.0
sample_2_cell_44_B	B	s2	712	10292.0
sample_2_cell_45_B	B	s2	704	9420.0
sample_2_cell_46_B	B	s2	726	10538.0
sample_2_cell_47_C	C	s2	624	5922.0
sample_2_cell_48_C	C	s2	707	8578.0
sample_2_cell_49_C	C	s2	794	20372.0
sample_2_cell_50_C	C	s2	640	6620.0
sample_2_cell_51_C	C	s2	704	8744.0
sample_2_cell_52_C	C	s2	775	15263.0
sample_2_cell_53_C	C	s2	746	12732.0
sample_2_cell_54_C	C	s2	723	11096.0
sample_2_cell_55_C	C	s2	722	10708.0
sample_2_cell_56_C	C	s2	672	8474.0
sample_2_cell_57_C	C	s2	721	10210.0
sample_2_cell_58_C	C	s2	731	10448.0
sample_2_cell_59_C	C	s2	677	8482.0
sample_2_cell_60_C	C	s2	795	15771.0
sample_2_cell_61_C	C	s2	692	9550.0
sample_2_cell_62_C	C	s2	760	14129.0
sample_2_cell_63_C	C	s2	740	13261.0
sample_2_cell_64_C	C	s2	779	17124.0
sample_2_cell_65_C	C	s2	696	8855.0
sample_2_cell_66_C	C	s2	786	18418.0
sample_2_cell_67_C	C	s2	717	12125.0
sample_2_cell_68_C	C	s2	593	5290.0
sample_2_cell_69_C	C	s2	764	15527.0
sample_2_cell_70_C	C	s2	544	3645.0
sample_2_cell_71_C	C	s2	755	13927.0
sample_2_cell_72_C	C	s2	748	12236.0
sample_2_cell_73_C	C	s2	804	20190.0
sample_2_cell_74_C	C	s2	721	9947.0
sample_2_cell_75_C	C	s2	735	10547.0
sample_2_cell_76_C	C	s2	750	14403.0
sample_2_cell_77_C	C	s2	689	9047.0
sample_2_cell_78_C	C	s2	729	10799.0
sample_2_cell_79_C	C	s2	672	8036.0
sample_2_cell_80_C	C	s2	687	8588.0
sample_2_cell_81_C	C	s2	711	10257.0
sample_2_cell_82_C	C	s2	620	5387.0
sample_2_cell_83_C	C	s2	768	13411.0
sample_2_cell_84_C	C	s2	689	8678.0
sample_2_cell_85_C	C	s2	621	5802.0
sample_2_cell_86_C	C	s2	781	18889.0
sample_2_cell_87_C	C	s2	668	7744.0
sample_2_cell_88_C	C	s2	752	12401.0
sample_2_cell_89_C	C	s2	752	12194.0
sample_2_cell_90_C	C	s2	752	12745.0
sample_2_cell_91_C	C	s2	759	12372.0
sample_2_cell_92_D	D	s2	812	27152.0
sample_2_cell_93_D	D	s2	719	12928.0
sample_2_cell_94_D	D	s2	835	37087.0
sample_2_cell_95_D	D	s2	795	20392.0
sample_2_cell_96_D	D	s2	746	14481.0
sample_2_cell_97_D	D	s2	803	20661.0
sample_2_cell_98_D	D	s2	703	12073.0
sample_2_cell_99_D	D	s2	683	9418.0
sample_2_cell_100_D	D	s2	696	9643.0
sample_2_cell_101_D	D	s2	731	12120.0
sample_2_cell_102_D	D	s2	813	25015.0
sample_2_cell_103_D	D	s2	704	10954.0
sample_2_cell_104_D	D	s2	764	16826.0
sample_2_cell_105_D	D	s2	765	16643.0
sample_2_cell_106_D	D	s2	733	12276.0
sample_2_cell_107_D	D	s2	768	19400.0
sample_2_cell_108_D	D	s2	763	16871.0
sample_2_cell_109_D	D	s2	786	19528.0
sample_2_cell_110_D	D	s2	725	12938.0
sample_2_cell_111_D	D	s2	752	15911.0
sample_2_cell_112_D	D	s2	719	10635.0
sample_2_cell_113_D	D	s2	748	15859.0
sample_2_cell_114_D	D	s2	830	28953.0
sample_2_cell_115_D	D	s2	744	14010.0
sample_2_cell_116_D	D	s2	781	19689.0
sample_2_cell_117_D	D	s2	834	31482.0
sample_2_cell_118_D	D	s2	750	14937.0
sample_2_cell_119_D	D	s2	753	16165.0
sample_2_cell_120_D	D	s2	774	17915.0
sample_2_cell_121_D	D	s2	790	19080.0
sample_2_cell_122_D	D	s2	787	20952.0
sample_2_cell_123_D	D	s2	803	24350.0
sample_2_cell_124_D	D	s2	718	13540.0
sample_2_cell_125_D	D	s2	801	20876.0
sample_2_cell_126_D	D	s2	760	15558.0
sample_2_cell_127_D	D	s2	807	23980.0
sample_2_cell_128_D	D	s2	778	16527.0
sample_2_cell_129_D	D	s2	555	4852.0
sample_2_cell_130_D	D	s2	769	15872.0
sample_2_cell_131_D	D	s2	592	5438.0
sample_2_cell_132_D	D	s2	726	11735.0
sample_2_cell_133_D	D	s2	778	16443.0
sample_2_cell_134_D	D	s2	660	8393.0
sample_2_cell_135_D	D	s2	614	5924.0
sample_2_cell_136_D	D	s2	789	19650.0
sample_2_cell_137_D	D	s2	804	25703.0
sample_2_cell_138_D	D	s2	789	21358.0
sample_2_cell_139_D	D	s2	830	28655.0
sample_2_cell_140_D	D	s2	824	26087.0
sample_2_cell_141_D	D	s2	811	21290.0
sample_3_cell_1_A	A	s3	696	9098.0
sample_3_cell_2_A	A	s3	735	11448.0
sample_3_cell_3_A	A	s3	699	10407.0
sample_3_cell_4_A	A	s3	767	13123.0
sample_3_cell_5_A	A	s3	560	3724.0
sample_3_cell_6_A	A	s3	786	15690.0
sample_3_cell_7_A	A	s3	784	18880.0
sample_3_cell_8_A	A	s3	734	11851.0
sample_3_cell_9_A	A	s3	710	10349.0
sample_3_cell_10_A	A	s3	526	3537.0
sample_3_cell_11_A	A	s3	772	15781.0
sample_3_cell_12_A	A	s3	722	11015.0
sample_3_cell_13_A	A	s3	766	12641.0
sample_3_cell_14_A	A	s3	763	13685.0
sample_3_cell_15_A	A	s3	649	6296.0
sample_3_cell_16_A	A	s3	728	10481.0
sample_3_cell_17_A	A	s3	809	22007.0
sample_3_cell_18_A	A	s3	753	14572.0
sample_3_cell_19_A	A	s3	777	16142.0
sample_3_cell_20_A	A	s3	671	8121.0
sample_3_cell_21_A	A	s3	725	10192.0
sample_3_cell_22_A	A	s3	696	8097.0
sample_3_cell_23_A	A	s3	707	9790.0
sample_3_cell_24_A	A	s3	715	9435.0
sample_3_cell_25_A	A	s3	781	16446.0
sample_3_cell_26_A	A	s3	809	18370.0
sample_3_cell_27_A	A	s3	665	8237.0
sample_3_cell_28_A	A	s3	750	12463.0
sample_3_cell_29_A	A	s3	809	20538.0
sample_3_cell_30_B	B	s3	744	12192.0
sample_3_cell_31_B	B	s3	806	18294.0
sample_3_cell_32_B	B	s3	720	11683.0
sample_3_cell_33_B	B	s3	513	3263.0
sample_3_cell_34_B	B	s3	797	21052.0
sample_3_cell_35_B	B	s3	715	10996.0
sample_3_cell_36_B	B	s3	794	20647.0
sample_3_cell_37_B	B	s3	743	13315.0
sample_3_cell_38_B	B	s3	705	10504.0
sample_3_cell_39_B	B	s3	695	10741.0
sample_3_cell_40_B	B	s3	671	7466.0
sample_3_cell_41_B	B	s3	802	22965.0
sample_3_cell_42_B	B	s3	694	10403.0
sample_3_cell_43_B	B	s3	688	8032.0
sample_3_cell_44_B	B	s3	788	17384.0
sample_3_cell_45_B	B	s3	676	8796.0
sample_3_cell_46_B	B	s3	758	14109.0
sample_3_cell_47_B	B	s3	632	5830.0
sample_3_cell_48_B	B	s3	719	11439.0
sample_3_cell_49_B	B	s3	576	4454.0
sample_3_cell_50_B	B	s3	681	8856.0
sample_3_cell_51_B	B	s3	651	7228.0
sample_3_cell_52_B	B	s3	655	7365.0
sample_3_cell_53_B	B	s3	712	8979.0
sample_3_cell_54_B	B	s3	728	11522.0
sample_3_cell_55_B	B	s3	806	21983.0
sample_3_cell_56_B	B	s3	676	8357.0
sample_3_cell_57_B	B	s3	709	10426.0
sample_3_cell_58_B	B	s3	630	6662.0
sample_3_cell_59_B	B	s3	684	8760.0
sample_3_cell_60_C	C	s3	755	13495.0
sample_3_cell_61_C	C	s3	651	6846.0
sample_3_cell_62_C	C	s3	685	7844.0
sample_3_cell_63_C	C	s3	715	10225.0
sample_3_cell_64_C	C	s3	693	8795.0
sample_3_cell_65_C	C	s3	701	9764.0
sample_3_cell_66_C	C	s3	656	6771.0
sample_3_cell_67_C	C	s3	631	6508.0
sample_3_cell_68_C	C	s3	621	5691.0
sample_3_cell_69_C	C	s3	591	4396.0
sample_3_cell_70_C	C	s3	756	14003.0
sample_3_cell_71_C	C	s3	592	4751.0
sample_3_cell_72_C	C	s3	719	11127.0
sample_3_cell_73_C	C	s3	657	6805.0
sample_3_cell_74_C	C	s3	780	16496.0
sample_3_cell_75_C	C	s3	563	4551.0
sample_3_cell_76_C	C	s3	653	7614.0
sample_3_cell_77_C	C	s3	622	5837.0
sample_3_cell_78_C	C	s3	703	9285.0
sample_3_cell_79_C	C	s3	750	12239.0
sample_3_cell_80_C	C	s3	713	10655.0
sample_3_cell_81_C	C	s3	744	12300.0
sample_3_cell_82_C	C	s3	665	7060.0
sample_3_cell_83_C	C	s3	599	5015.0
sample_3_cell_84_C	C	s3	737	11936.0
sample_3_cell_85_C	C	s3	792	19119.0
sample_3_cell_86_C	C	s3	656	7634.0
sample_3_cell_87_C	C	s3	587	4746.0
sample_3_cell_88_C	C	s3	685	8617.0
sample_3_cell_89_C	C	s3	744	13295.0
sample_3_cell_90_C	C	s3	786	18391.0
sample_3_cell_91_C	C	s3	646	6103.0
sample_3_cell_92_C	C	s3	612	4983.0
sample_3_cell_93_C	C	s3	622	5701.0
sample_3_cell_94_C	C	s3	442	2289.0
sample_3_cell_95_C	C	s3	701	8835.0
sample_3_cell_96_C	C	s3	766	14653.0
sample_3_cell_97_D	D	s3	782	19449.0
sample_3_cell_98_D	D	s3	755	15062.0
sample_3_cell_99_D	D	s3	744	13069.0
sample_3_cell_100_D	D	s3	737	13714.0
sample_3_cell_101_D	D	s3	822	25184.0
sample_3_cell_102_D	D	s3	786	17986.0
sample_3_cell_103_D	D	s3	791	21714.0
sample_3_cell_104_D	D	s3	812	26576.0
sample_3_cell_105_D	D	s3	738	13247.0
sample_3_cell_106_D	D	s3	772	17180.0
sample_3_cell_107_D	D	s3	799	22304.0
sample_3_cell_108_D	D	s3	552	3911.0
sample_3_cell_109_D	D	s3	713	11141.0
sample_3_cell_110_D	D	s3	727	12942.0
sample_3_cell_111_D	D	s3	737	14264.0
sample_3_cell_112_D	D	s3	728	12815.0
sample_3_cell_113_D	D	s3	743	15125.0
sample_3_cell_114_D	D	s3	786	17452.0
sample_3_cell_115_D	D	s3	655	8847.0
sample_3_cell_116_D	D	s3	782	18822.0
sample_3_cell_117_D	D	s3	799	23621.0
sample_3_cell_118_D	D	s3	711	12069.0
sample_3_cell_119_D	D	s3	791	17725.0
sample_3_cell_120_D	D	s3	788	18099.0
sample_3_cell_121_D	D	s3	820	27265.0
sample_3_cell_122_D	D	s3	644	6248.0
sample_3_cell_123_D	D	s3	726	13224.0
sample_3_cell_124_D	D	s3	753	17532.0
sample_3_cell_125_D	D	s3	667	9064.0
sample_3_cell_126_D	D	s3	781	20916.0
sample_3_cell_127_D	D	s3	735	15422.0
sample_3_cell_128_D	D	s3	709	10768.0
sample_3_cell_129_D	D	s3	764	18480.0
sample_3_cell_130_D	D	s3	678	9057.0
sample_3_cell_131_D	D	s3	677	8761.0
sample_3_cell_132_D	D	s3	741	13946.0
sample_3_cell_133_D	D	s3	609	5998.0
sample_3_cell_134_D	D	s3	745	15807.0
sample_3_cell_135_D	D	s3	786	19315.0
sample_3_cell_136_D	D	s3	783	23267.0
sample_4_cell_1_A	A	s4	744	12492.0
sample_4_cell_2_A	A	s4	550	3895.0
sample_4_cell_3_A	A	s4	601	5125.0
sample_4_cell_4_A	A	s4	573	3648.0
sample_4_cell_5_A	A	s4	642	6834.0
sample_4_cell_6_A	A	s4	606	4992.0
sample_4_cell_7_A	A	s4	560	4042.0
sample_4_cell_8_A	A	s4	695	9566.0
sample_4_cell_9_A	A	s4	731	10918.0
sample_4_cell_10_A	A	s4	739	11502.0
sample_4_cell_11_A	A	s4	781	17456.0
sample_4_cell_12_B	B	s4	775	16252.0
sample_4_cell_13_B	B	s4	610	5598.0
sample_4_cell_14_B	B	s4	637	6129.0
sample_4_cell_15_B	B	s4	697	10147.0
sample_4_cell_16_B	B	s4	475	2753.0
sample_4_cell_17_B	B	s4	685	9270.0
sample_4_cell_18_B	B	s4	745	12999.0
sample_4_cell_19_B	B	s4	732	11981.0
sample_4_cell_20_B	B	s4	628	6871.0
sample_4_cell_21_B	B	s4	757	14565.0
sample_4_cell_22_B	B	s4	724	12691.0
sample_4_cell_23_B	B	s4	555	3951.0
sample_4_cell_24_B	B	s4	706	9518.0
sample_4_cell_25_B	B	s4	750	12786.0
sample_4_cell_26_B	B	s4	752	12631.0
sample_4_cell_27_B	B	s4	726	12709.0
sample_4_cell_28_B	B	s4	687	9140.0
sample_4_cell_29_B	B	s4	710	9894.0
sample_4_cell_30_B	B	s4	773	16231.0
sample_4_cell_31_B	B	s4	761	14106.0
sample_4_cell_32_B	B	s4	763	15335.0
sample_4_cell_33_B	B	s4	753	14068.0
sample_4_cell_34_B	B	s4	708	9083.0
sample_4_cell_35_B	B	s4	721	12211.0
sample_4_cell_36_B	B	s4	759	13568.0
sample_4_cell_37_B	B	s4	638	6717.0
sample_4_cell_38_B	B	s4	762	15997.0
sample_4_cell_39_B	B	s4	780	18928.0
sample_4_cell_40_B	B	s4	643	6961.0
sample_4_cell_41_C	C	s4	798	21671.0
sample_4_cell_42_C	C	s4	774	16153.0
sample_4_cell_43_C	C	s4	785	19803.0
sample_4_cell_44_C	C	s4	722	11720.0
sample_4_cell_45_C	C	s4	763	14651.0
sample_4_cell_46_C	C	s4	714	11031.0
sample_4_cell_47_C	C	s4	688	8528.0
sample_4_cell_48_C	C	s4	715	9454.0
sample_4_cell_49_C	C	s4	600	5550.0
sample_4_cell_50_C	C	s4	730	10316.0
sample_4_cell_51_C	C	s4	717	10958.0
sample_4_cell_52_C	C	s4	770	14819.0
sample_4_cell_53_C	C	s4	575	4474.0
sample_4_cell_54_C	C	s4	500	3185.0
sample_4_cell_55_C	C	s4	725	11751.0
sample_4_cell_56_C	C	s4	715	9518.0
sample_4_cell_57_C	C	s4	582	4542.0
sample_4_cell_58_C	C	s4	711	10143.0
sample_4_cell_59_C	C	s4	683	8580.0
sample_4_cell_60_C	C	s4	777	16058.0
sample_4_cell_61_C	C	s4	491	2764.0
sample_4_cell_62_C	C	s4	794	18190.0
sample_4_cell_63_C	C	s4	758	15312.0
sample_4_cell_64_C	C	s4	721	11055.0
sample_4_cell_65_C	C	s4	803	20178.0
sample_4_cell_66_C	C	s4	751	11880.0
sample_4_cell_67_C	C	s4	652	6943.0
sample_4_cell_68_C	C	s4	681	8421.0
sample_4_cell_69_C	C	s4	752	12391.0
sample_4_cell_70_C	C	s4	680	8687.0
sample_4_cell_71_C	C	s4	597	4951.0
sample_4_cell_72_C	C	s4	749	12058.0
sample_4_cell_73_C	C	s4	727	10827.0
sample_4_cell_74_D	D	s4	740	13349.0
sample_4_cell_75_D	D	s4	717	10622.0
sample_4_cell_76_D	D	s4	720	10907.0
sample_4_cell_77_D	D	s4	727	14782.0
sample_4_cell_78_D	D	s4	768	15635.0
sample_4_cell_79_D	D	s4	681	8234.0
sample_4_cell_80_D	D	s4	826	25874.0
sample_4_cell_81_D	D	s4	711	10863.0
sample_4_cell_82_D	D	s4	805	22385.0
sample_4_cell_83_D	D	s4	784	21942.0
sample_4_cell_84_D	D	s4	796	21959.0
sample_4_cell_85_D	D	s4	620	6288.0
sample_4_cell_86_D	D	s4	732	12229.0
sample_4_cell_87_D	D	s4	811	24220.0
sample_4_cell_88_D	D	s4	756	16879.0
sample_4_cell_89_D	D	s4	757	16865.0
sample_4_cell_90_D	D	s4	762	15751.0
sample_4_cell_91_D	D	s4	667	7960.0
sample_4_cell_92_D	D	s4	867	46784.0
sample_4_cell_93_D	D	s4	664	7926.0
sample_4_cell_94_D	D	s4	849	38400.0
sample_4_cell_95_D	D	s4	790	20948.0
sample_4_cell_96_D	D	s4	761	16086.0
sample_4_cell_97_D	D	s4	703	10951.0
sample_4_cell_98_D	D	s4	828	27864.0
sample_4_cell_99_D	D	s4	728	12005.0
sample_4_cell_100_D	D	s4	783	17890.0
