Barcode,TSNE-1,TSNE-2
AAACGCTAGGTTACAA-1,-12.930788848055565,-9.830458077546243
AAACGCTTCAAACTGC-1,17.588079239837647,-10.225106302923463
AAAGAACAGGGTGAGG-1,7.162580961175915,-17.41007390218344
AAAGAACAGTGGCGAT-1,-6.344638017886092,22.695854261050282
AAAGGATCAAGGTCAG-1,-4.531773665472941,22.18730336693498
AAAGGATCACGACAAG-1,-10.293259559607309,-19.6013240250119
AAAGGGCCAAATGCGG-1,8.27619968611197,-14.907858233973982
AAAGGTAAGAACAGGA-1,-18.374801939011252,-20.233566762301017
AAAGGTAGTAACTGCT-1,5.779070678947173,22.473247645661793
AAAGGTAGTTGCCGCA-1,17.781714800210217,-10.07344598516169
AAAGTCCGTACTGCCG-1,-17.10597889202341,19.432582482195652
AAAGTCCGTTTGTGGT-1,7.831544368682183,1.2435534950165936
AAAGTGAAGAAACTAC-1,3.489384265831421,9.387285902262603
AAAGTGAGTACTCGCG-1,-9.528607919580532,-29.43108256789106
AACAAAGTCACCGGGT-1,-10.697163933792709,10.86405236677433
AACCAACAGGTCCCTG-1,-12.713641951244275,17.508218646739298
AACCAACGTCCGTTTC-1,-6.274729066589455,22.199124195446927
AACCAACGTCGCAACC-1,-9.26637827981442,-19.398224850999615
AACCAACTCGACGTCG-1,-15.92905265669819,-12.08445593374228
AACCACATCAGCAATC-1,17.468738123707393,-15.207632664907887
AACCCAAAGATGGCGT-1,-1.770441051609423,-15.71699522461839
AACCTTTGTATACCCA-1,12.288899816831554,-9.264693651677812
AACGAAAAGAAATTGC-1,15.161037022242326,2.315025410313957
AACGGGAGTCAGTCGC-1,13.84337151139837,-18.773149520035577
AACGGGAGTCGAAACG-1,2.799889687663216,29.189668854459914
AACGTCAGTAGAGCTG-1,7.515823693785904,-18.810685470179394
AACTTCTAGCCACAAG-1,2.1925922748824545,23.84925615477245
AACTTCTAGGTGTGAC-1,13.23284348425589,19.149498444858885
AACTTCTTCTCTCAAT-1,-13.363975033646856,-27.39613150164014
AAGAACAAGTAGGCCA-1,-5.652358187757487,-28.96654494728931
AAGACAAAGCTACAAA-1,-5.911014900117378,-21.52088833817328
AAGACAACAACAGCTT-1,-4.820828383183505,22.67024893891399
AAGACAACATAGGTTC-1,-13.572796602144079,-13.040603732039715
AAGACAAGTGTCTTGA-1,-5.574758900594308,21.933883823645232
AAGACTCGTAGTCGGA-1,2.108191884879069,27.70109415650395
AAGATAGGTCGCTCGA-1,-9.317175237254414,13.855710642437993
AAGATAGTCTCGGCTT-1,-2.729383966118476,-21.388625388820483
AAGCATCCATCTAGAC-1,-8.986487529586512,12.870477589487988
AAGCCATGTGGTCCGT-1,10.229593148900921,-16.699471004642145
AAGCCATGTTGCTCCT-1,17.47774550632138,-6.03228939141846
AAGCCATGTTGGGTAG-1,-15.261900285954509,-11.517191888181221
AAGCGAGAGCTGCGAA-1,11.89260883121365,-16.9547902076703
AAGCGAGCAGAGCGTA-1,-9.168961031520487,-14.39972673881405
AAGCGTTAGTGGATAT-1,17.728887371237725,-4.3283474028532245
AAGGTAATCGACCTAA-1,-14.872662795495408,17.846432509951768
AAGTACCCATTCTGTT-1,-10.376966609962928,-32.55741088304947
AAGTCGTCAAGTGGGT-1,-11.796816915860918,-19.01088840333812
AAGTCGTTCTGAGATC-1,6.8009422528123995,18.1790991326816
AAGTGAAGTCAGGTGA-1,15.642582315857537,0.3770323896271376
AAGTGAAGTGTTGCCG-1,-8.80194697159406,16.17171375763112
AAGTTCGAGGCCACCT-1,-14.47323067521436,13.648256779861226
AAGTTCGAGTTGGAAT-1,15.605482454540622,26.498013153767083
AAGTTCGCATAGGTTC-1,6.593530219127798,-16.31183381106727
AAGTTCGTCCCTGGTT-1,-0.5925773393524641,21.554776056437266
AATAGAGGTGTCTCCT-1,4.566114906265683,23.474538120402844
AATAGAGTCTGAGATC-1,2.216231329764367,16.824304849198096
AATAGAGTCTTGTGCC-1,-17.05672045043546,-13.388237557307066
AATCACGCAAGTGATA-1,6.253625799902627,25.442714414377264
AATCGACGTGACAGGT-1,8.670625587270088,27.23526115358688
AATCGACTCGAGTTGT-1,-2.0302796187297765,21.071508738697712
AATGAAGAGATGCGAC-1,5.6995637274935325,11.162047698644638
AATGAAGGTTTCACTT-1,-2.9675571760112804,-15.086656056704184
AATGACCGTATTTCTC-1,-5.1069884897312585,13.200325283714896
AATGCCAGTGAAGCTG-1,1.5727536378304203,23.989268273841923
AATGGCTCATTAGGAA-1,5.254977874159686,17.51821719152187
AATGGCTTCTGCATAG-1,-9.61946161661683,-29.39907743283129
AATTCCTCAGGACTTT-1,3.4817494294379507,27.88162520130462
AATTCCTTCGTTGCCT-1,-15.080916950822045,-14.827406955890169
AATTTCCCAAATTGCC-1,8.67920702528095,10.747273099100612
AATTTCCCAAGCAATA-1,4.97047281953536,28.087502234271366
ACAAAGAAGCTGTCCG-1,9.877244429028863,26.951709403516393
ACAAAGATCAACTCTT-1,-7.878198434796258,13.564601765001095
ACAACCAAGACGATAT-1,8.434416707192023,-14.774262313012258
ACAAGCTTCCGTCCTA-1,8.18270545188473,1.5924003707593866
ACACTGAAGTTACGTC-1,-10.993076784369938,-18.875050077238154
ACAGCCGAGAACTGAT-1,-11.65234603960486,12.86384608458765
ACAGGGAGTGGGACAT-1,-8.425021282099232,16.389230932561304
ACAGGGAGTTCAAAGA-1,12.987572046762743,-15.986466472923937
ACATGCAGTTAGGCCC-1,-18.69750201634054,-14.119081252488972
ACATGCATCAAGCCTA-1,-16.999674889379186,15.858716411279696
ACATTTCAGTAACGAT-1,-13.184536180778194,17.62551369577839
ACCAAACCATCCGAAT-1,-9.632185763135261,-25.891997598773482
ACCAACAAGCTGAGTG-1,10.659959526000097,18.911126520107562
ACCAACACACCCTGTT-1,-14.812876779797607,16.360371433408247
ACCACAAAGTAGGATT-1,-4.528344460324163,-30.278624713724124
ACCACAATCGTGACTA-1,16.327418184568742,-16.234323264418904
ACCCAAAAGGACTGGT-1,-7.967411113868472,9.852292917821966
ACCCAAACAAGAGCTG-1,17.5710543778111,-12.832727321379823
ACCCAAACAGAAGCGT-1,-2.0391531179725657,21.232340473588188
ACCCTCACATGACGTT-1,-15.765404107807907,-19.0622319515983
ACCCTCAGTCCATACA-1,18.476174223349012,-17.02237890353795
ACCCTCATCGCTCTCA-1,-6.011062828496437,-26.83699595642152
ACCGTTCCATAGAATG-1,-10.895237175976288,19.308306819686926
ACCTGTCTCGCAGTGC-1,-0.45053279130415336,24.43021370394013
ACGATCACATATACCG-1,16.815538766349917,0.16060870186254256
ACGCACGAGGACTTCT-1,12.145398615474733,22.372638883732552
ACGCACGTCTGGCTGG-1,5.887900222879092,-17.442012026544568
ACGGAAGCAATAGTAG-1,1.428093105700034,17.781317405892196
ACGGGTCTCTTAGTTC-1,-5.730917299216768,6.28648672603445
ACGGTCGAGAGATCGC-1,-18.403374097603734,-13.549618288262508
ACGGTCGGTGCCGTTG-1,13.310357239914943,-19.85513288564121
ACGGTTACATACCATG-1,-11.424748554320269,19.70216283070076
ACGGTTAGTCTCAGGC-1,12.845218997213914,-20.35430543486248
ACGTAACTCTAAGAAG-1,2.751207674737581,12.064544166530759
ACGTACAAGACACACG-1,-9.304053181430973,-10.125142153106431
ACGTACAAGAGGGTAA-1,4.477861788934248,13.378840947385122
ACGTACAAGCGGCTCT-1,17.554848023061073,-10.657703654125047
ACGTCCTGTAAGATAC-1,6.829210475374624,17.72316600305374
ACTATCTGTTCCTTGC-1,-10.619289863142823,19.754485201271127
ACTCCCACAAGTCGTT-1,-12.573238265941491,-15.366937329479535
ACTCCCAGTACACGCC-1,-10.5069186094166,-25.89125060860426
ACTCTCGAGGGATGTC-1,17.066285624088568,-13.973546936249608
ACTGATGGTGGGTCAA-1,-6.854289864604077,-22.56857365695707
ACTGCAAGTTGGGCCT-1,-13.387052636376403,-9.381802344381237
ACTGCAATCCTTGAAG-1,16.488372371391684,-14.305568215817129
ACTGTCCCACGTAACT-1,-3.7765125566397884,13.293632104258114
ACTGTGACACTGAGGA-1,11.279136859070759,13.219817857740258
ACTTAGGAGGCCTTGC-1,8.083154699826707,12.596262579604579
ACTTAGGCAAGACGGT-1,7.405776884336814,24.20355909840785
ACTTATCCAGCTTTGA-1,16.43386406982922,0.7691657682697276
ACTTCCGAGAATTGCA-1,-8.580528847016934,11.10528313898518
ACTTCCGAGAGTGACC-1,-14.989344019222257,19.23783911146013
ACTTCGCTCACCGACG-1,7.674821751491539,19.539892159723937
ACTTTCACAGCATGCC-1,-7.904522839847068,-28.333490058975865
ACTTTCATCATAGACC-1,-12.924814724033778,20.305940443860575
ACTTTCATCATAGAGA-1,17.66717649499294,-3.0423287401412487
AGAACCTTCAACGAGG-1,-7.3569748011745215,14.372834360205562
AGAACCTTCAGCTGTA-1,-17.77936681661699,-18.079916734467464
AGAAGCGTCCCTTTGG-1,-1.6597755218391068,19.599731862211033
AGAAGTACAATCAGCT-1,12.179947531430392,17.57176031800742
AGACACTAGGCCATAG-1,-17.778759195318482,-19.083762036726498
AGACACTGTCGGCCTA-1,-17.29726044834609,-21.309189519253472
AGACAGGAGTATTGCC-1,4.345194763720642,28.367779893393497
AGAGCAGCAAGTGGTG-1,13.45001694812368,18.745096408646802
AGAGCCCGTACGACTT-1,12.961719410795975,17.429530374941812
AGATAGAAGACGGTCA-1,7.19728797955094,16.758980461924867
AGATCCAAGCACTGGA-1,-6.129190192150424,-15.793875759183871
AGATCGTAGCTGAGCA-1,10.71427632732443,17.9744756827695
AGATCGTTCCATCAGA-1,17.886335006195175,-20.468795153501446
AGATGCTGTTTGACAC-1,0.661776790108882,22.238951531682975
AGCATCACACACCTGG-1,8.202971484208428,0.14002800090013612
AGCATCACAGAACCGA-1,2.1770079563137745,23.301614536301894
AGCCAATAGCAGGGAG-1,4.183027838057542,27.212053950300962
AGCCACGTCCATCAGA-1,-4.766672179070258,18.422205539447695
AGCGATTTCCTCAGGG-1,-4.881813949541931,-30.03501923819162
AGCGCCAAGATGTTCC-1,-11.049669111013417,-16.5632236611014
AGCTACAAGTGTACAA-1,-7.036229781552078,-29.17180605670228
AGCTACAGTATTCTCT-1,-17.36646766577881,19.267616836661112
AGCTCAAAGGAGATAG-1,-3.114913769407553,12.22166886385776
AGCTCAACAGTCGCAC-1,-12.145538983327844,18.335265770752752
AGCTTCCCATGCCGGT-1,-1.1323272128069124,-14.231727056827907
AGGAAATAGTTCCGTA-1,10.358454926490051,20.726984027430486
AGGAAATGTCGCAACC-1,-8.33493695049348,13.750949629080806
AGGAATATCGAGTCTA-1,4.115188010696718,25.454330489325724
AGGAATATCTCGCTCA-1,9.40569345944042,13.33740045895733
AGGACGAAGCTCAGAG-1,13.152381879176785,23.305861962186
AGGACGACACCTGCGA-1,-4.9676247122627455,-25.149274993285474
AGGAGGTTCCTAACAG-1,2.2860217035789123,21.601963003457072
AGGATCTAGTTTGTCG-1,9.885569215654852,26.428445781083777
AGGATCTTCCATTGCC-1,-8.07027589483653,14.25957637470192
AGGCATTGTGTAGTGG-1,-1.769107646564466,20.935814257921
AGGCATTTCATTCATC-1,-17.97076173391442,-15.444001774581173
AGGCATTTCCCAGGCA-1,-9.029322176620699,-12.95035040987286
AGGCCACCACTCCGAG-1,-18.14604295558381,-11.799615061186508
AGGGAGTCAATATCCG-1,1.6099709322248283,19.803580852815625
AGGGAGTTCGCCCAGA-1,-0.7891441742122729,20.69455569763516
AGGGAGTTCTCACCCA-1,-14.606434241359485,-13.983938508405839
AGGGCCTGTATTAAGG-1,4.5944538243783555,15.078870109422787
AGGGCTCGTCAGGTAG-1,-5.1539340115210175,-23.72176215729987
AGGGTCCGTATGGAAT-1,15.936580755718625,-19.16057196504637
AGGGTGAGTTTCCAAG-1,-18.44776196273155,-11.052401500743015
AGGTAGGGTGATTCAC-1,13.773029191186378,20.39394820432674
AGGTCATAGGTATTGA-1,-6.77695061671308,15.919048607575432
AGGTTACTCTGTACAG-1,19.261348256818973,-13.785913994418678
AGGTTGTGTGCTGCAC-1,8.69174211413779,10.862400225654007
AGGTTGTTCGAGTCTA-1,17.502858086065658,29.32245307563602
AGGTTGTTCTAGATCG-1,-4.028413437064919,-27.806690823030944
AGTAACCAGGTAGTAT-1,-13.157671247111258,-25.707569930140366
AGTAACCTCACACCGG-1,14.783238283285709,26.738205075908603
AGTACTGCAAGCGAGT-1,-2.5082243953208727,-23.2986529788497
AGTACTGTCGACGCGT-1,4.188725016206603,14.253533026027643
AGTAGCTTCCGCGATG-1,7.824928227070867,1.9880301222277552
AGTAGCTTCTTCGCTG-1,-9.955977993588073,-31.835705753008778
AGTAGTCCAGTTACCA-1,-6.543879934808922,-29.277447873564718
AGTCAACTCTGACGCG-1,-2.713471262899083,16.766255685479383
AGTCACAAGTAGAATC-1,1.4518185539625847,27.223551325715867
AGTCTCCAGGTCCCGT-1,15.302809212631026,17.58223634599987
AGTGATCTCACCATAG-1,-15.82513017590647,18.834930913247014
AGTGCCGTCTTCCCAG-1,8.76731250799161,19.430087329793615
AGTGTTGAGCTGGAGT-1,-8.13100259367365,-12.897704565781748
AGTGTTGTCCTCTAAT-1,-2.0165683951603874,15.189303287023053
AGTTAGCTCACAACCA-1,-11.823764443610456,12.320043571698465
AGTTCCCGTCCGCAGT-1,12.548250348138401,-16.21767776414223
AGTTCGAAGGTGGGTT-1,11.623365811867167,-8.681601060557428
AGTTCGAGTTTATGCG-1,-3.371980301537413,-12.982810046543474
ATACCGATCCGAGAAG-1,-3.3692290398786344,-19.422128026608586
ATACTTCAGAGCCGAT-1,4.7436207595404545,0.4278405646789577
ATAGACCCATCTATCT-1,-15.675353533702417,21.760239792498226
ATAGAGAGTCAGTCTA-1,15.65944675364845,26.336668613612908
ATAGAGATCCAAGAGG-1,8.956197865223137,19.884219240698286
ATATCCTAGCAACCAG-1,-10.887829866699956,10.73743216737721
ATATCCTGTACCCACG-1,17.711092878830588,-6.356529614024584
ATCACGACAATTGCAC-1,-15.742668736937057,15.693060911261963
ATCACTTAGCTGTTAC-1,-1.0306654854026278,23.810253350164945
ATCACTTGTGTGCCTG-1,-11.744644163310678,-15.048958611248576
ATCATTCCAATGTCAC-1,16.597514706255204,-9.686164692032447
ATCCATTAGGATCATA-1,14.143553530919002,-18.160699443992325
ATCCATTGTTATAGAG-1,-16.451601909080253,16.347530532982024
ATCCATTTCTATTTCG-1,-11.857008888875665,-17.82421852274868
ATCCGTCAGGTAATCA-1,-14.186089238735565,17.231504757501206
ATCCGTCAGGTTGCCC-1,-16.18645570366963,-10.348171885460438
ATCCGTCCATTACTCT-1,1.8392377397745099,21.23345005409688
ATCCGTCTCTGGTCAA-1,-7.780658516278225,-29.13283805519128
ATCCTATAGGTACCTT-1,-0.5494378705085959,23.188306059149877
ATCGGCGCAGCTATAC-1,-17.14975792177857,16.18435884805001
ATCGTAGTCGGTGCAC-1,14.078033380067733,19.67284559021225
ATCGTCCGTCATCACA-1,-18.098298699334777,-21.107884838378165
ATCGTGAAGGATTTCC-1,13.693238656596716,1.7141506197994367
ATCGTGAAGTAGTGCG-1,-14.170104222093498,-7.862187951432441
ATCGTGATCATTCCTA-1,17.751997604878987,-5.0741837742224085
ATCTTCAAGTTCCGTA-1,-10.484485528268134,11.725951910254246
ATGACCACAAGGGCAT-1,-14.28288146050394,-18.19585600353965
ATGACCAGTAAGATTG-1,-11.513446855511514,11.408075083746416
ATGACCATCTCGCGTT-1,-16.779436477674597,-14.663028214411778
ATGAGGGAGGAAGTAG-1,17.46902140801557,-7.2417920925451815
ATGAGGGCACCGTCGA-1,-18.124848971162763,-15.324480286329049
ATGAGTCGTAGATCGG-1,13.837487713758069,22.089372015838656
ATGAGTCGTCCCGTGA-1,-4.229160775931915,11.761053291061733
ATGAGTCTCATGCCGG-1,-7.977353073904968,-19.28101276521617
ATGCATGAGCGAGGAG-1,-10.838572488984079,-23.606806259502818
ATGCCTCAGCCAGACA-1,17.192446112329602,-0.43703291828732527
ATGGATCTCTTGTGCC-1,-10.436188930213953,-18.789939745431013
ATGGTTGCACGTGAGA-1,14.71666908775138,-19.33421934917024
ATGTCTTGTTACGATC-1,17.078099344253506,-7.192959083089023
ATTACCTAGGCTCTCG-1,-9.443692073119738,8.732856030315121
ATTCACTGTTTACTGG-1,5.889206752904252,0.2842400885692016
ATTCACTTCTTACCGC-1,-3.85656392698086,-14.475747638924474
ATTCCATGTGTGTGGA-1,12.512602004169029,23.25873736264885
ATTCCCGCAAGACGGT-1,-10.103159709992418,-26.812934055632827
ATTCCCGTCCCATAGA-1,17.049515991491035,29.107866833788652
ATTCCTACAGTGGGTA-1,17.154575874529932,-14.222097918815239
ATTCCTATCGACCACG-1,-10.843221634935274,-18.535232314079114
ATTCTACTCTAGATCG-1,-3.2437666393308375,-17.091171727215997
ATTCTTGAGAGGTCGT-1,13.311684835369498,-16.621496900003162
ATTCTTGAGATTAGTG-1,-8.472615888069987,-13.160501275375575
ATTCTTGCACCAAATC-1,-11.859587982574578,18.612789734785363
ATTCTTGTCAGCTGAT-1,-17.572398255872955,-13.326008213385784
ATTGGGTTCAAGAGTA-1,-4.058891639617656,22.592685503586928
ATTTACCAGAGCAGCT-1,-17.337868506384787,-12.038438163484685
ATTTACCAGCCGTCGT-1,6.808935154413285,23.91380136463229
ATTTACCCACATATCG-1,-17.908793731922515,-17.79288288001306
ATTTACCGTAAGCTCT-1,-6.5909624179568445,-20.726696465816467
ATTTCACTCACACCGG-1,-0.780415912892762,26.216154673687637
CAAAGAAAGCCGTTGC-1,9.410439454691348,17.81617578544592
CAAAGAAAGCGTCAGA-1,17.253078080731544,28.49923828550777
CAAAGAACAGGCTATT-1,12.414287140580408,-18.548784157347985
CAACCAACATTGCTTT-1,17.744604167922326,-20.836732840436376
CAACCAATCGGCATTA-1,-9.063110801626667,-30.9428670855719
CAACGATAGCGAACTG-1,-8.443275362788913,-27.90473099792503
CAACGATCATCGTCCT-1,-4.093707910991122,14.512122781931401
CAAGACTCACAATGCT-1,-10.312354109316972,-32.43583974492347
CAAGACTTCCGTGTAA-1,-1.1745809928639248,12.091984563550133
CAAGCTAAGAAGCGAA-1,12.894000442960424,-8.776620159949434
CACAGATCAACGTTAC-1,15.706399348389283,-14.14500427065532
CACAGATCAGCGTATT-1,-9.308577529991547,-18.22473070659861
CACAGGCGTGGATCAG-1,13.995822161988952,21.695256754838447
CACATGAAGTGCTACT-1,-9.125641424398859,-19.54077467293153
CACATGATCCTACGAA-1,-14.868783418429622,-14.742824581477459
CACCAAACACGGCGTT-1,-8.252280118984439,-31.061314735708144
CACCAAACACTCCTGT-1,6.122110853080644,-0.000585066435250594
CACCAAATCATCGCCT-1,2.473671238441122,23.841523007801506
CACCGTTTCGGCTATA-1,6.00450887196247,19.825760514669977
CACCGTTTCTATCGTT-1,14.38115542807526,-9.482963509134123
CACGAATGTACTGGGA-1,-14.203084985948406,-9.9276259811561
CACGGGTGTATGAAGT-1,8.47358201175677,9.201744281605013
CACGGGTTCTCCATAT-1,18.62890391820997,-5.045409983159212
CACGTGGAGACGATAT-1,4.0773028182333135,24.545616471959043
CACGTTCAGACGGATC-1,5.932699414579573,-16.513386173337107
CACGTTCCAGGACGAT-1,-13.731909882081846,-15.110315650126688
CACTGAAGTTAGTCGT-1,-9.091378379411331,11.329851026068793
CACTGTCCAGGAGACT-1,-9.349529112312736,-18.42303045797988
CACTGTCGTACAAGTA-1,12.002709347245089,-19.394745557543967
CACTTCGGTGTAGTGG-1,-7.947259605884467,17.481292709208393
CAGATACAGCATAGGC-1,-1.7362644389327213,15.822198496908953
CAGATACGTGCCTTTC-1,7.1275346738257355,1.0623482511690912
CAGATCACAACTCCAA-1,17.1662668884105,-9.351539898759164
CAGATTGCATACCACA-1,0.895008299998643,26.574505578158018
CAGATTGGTGGATCGA-1,-3.802608900988504,-25.806448422871927
CAGATTGTCCAGCAAT-1,9.490107049527383,1.6904020169688783
CAGCACGGTAGCTAAA-1,-0.8072415437419254,24.674195626790983
CAGCAGCTCAGGACAG-1,5.5761845943713215,21.105523620137884
CAGCGTGCATCATTTC-1,3.483135387374767,-17.72159840148004
CAGCGTGGTCGAGTTT-1,5.937979801427975,17.317341699363897
CAGGCCACACGCAGTC-1,-15.746790288029155,-11.330854222488611
CAGGGCTAGCTGTTCA-1,2.6040748920710777,-17.64932468459581
CAGGGCTCATTCCTAT-1,-13.103590732813254,19.129299268694005
CAGGTATCATTGCTTT-1,-11.207903963148127,-27.294407804545973
CAGTGCGAGTGAGGCT-1,17.537243869725774,-3.3669365390169226
CAGTGCGCAAGCACAG-1,-4.631950654825629,-25.400062630847806
CAGTTAGTCCGTCCTA-1,9.725275847521365,1.2085787149123495
CAGTTCCCAGCTGTCG-1,-0.7663664375945813,15.749524141809772
CAGTTCCCATATACCG-1,-15.401653661167677,-9.76658234294468
CATACAGAGGCAGTCA-1,1.4864836808090334,26.98367300628179
CATACCCAGGCTCTCG-1,8.871821069918665,1.6589079819400088
CATACTTTCAAGTGTC-1,5.49852858019517,23.009490082764607
CATAGACTCTGATGGT-1,7.87080989951433,-18.77188317164723
CATCAAGGTTCAGTAC-1,-1.013605593761148,23.411086594349875
CATCCACAGCGGACAT-1,-3.4708336963760367,-23.362640704958768
CATCCACTCAGACATC-1,11.119619604055739,-18.86359895954701
CATCCCAAGGTAGTAT-1,13.126233397289054,-17.42505021798568
CATCCCAGTATGGGAC-1,-12.83579163561163,-15.979971153107211
CATCGCTTCGGTCTGG-1,2.609938931023422,15.234231637271243
CATGCAATCAATCAGC-1,-13.233868687508826,-27.863186989454604
CATGCAATCTTCCAGC-1,-16.99667418485601,-21.176366263864946
CATGCCTCAAATGGCG-1,-5.86848603946089,5.941636322941488
CATGCCTCATCTCAAG-1,-11.27278632246677,-20.248940214167405
CATGCTCAGTCAAGCG-1,-5.30406219233713,13.036363487053821
CATGCTCGTCCCAAAT-1,17.506462154291064,28.645185130727892
CATTCATTCCCTCGAT-1,-6.7010437954422235,-26.702357020210396
CATTCCGGTGCCAAGA-1,-2.8379699359158477,18.223291642111437
CATTCCGTCCAATGCA-1,12.79047588899443,-10.37244513865472
CATTGAGAGGGCGAGA-1,-18.592596748495147,-19.00310174995542
CATTGAGCACTGCTTC-1,-20.371758764296885,-15.870861008943983
CCAAGCGGTAGGAGTC-1,8.086063540229976,-0.5607602829881926
CCAATTTTCCTACAAG-1,-12.398328467323518,17.39570679831508
CCACAAAAGCGCTGAA-1,-9.335371982649628,-11.17706125494751
CCACACTAGCGCATCC-1,-14.142052275279976,17.558375225474396
CCACCATCACCTTCCA-1,4.090668309907546,0.4831912462225522
CCACCATGTTCGCGTG-1,-10.11979482394731,13.352271190075191
CCACGTTAGCCGCTTG-1,-17.774336301578902,-18.335009727824588
CCACGTTAGTTGCATC-1,5.329345468360181,0.14886405028912245
CCACGTTCACGGCGTT-1,-14.631906417990397,-8.156121666769403
CCACTTGCACGCTTAA-1,-9.928852221435031,12.341562245900018
CCACTTGCAGTTACCA-1,10.23076076428273,17.868385940681094
CCATAAGAGATAGTCA-1,13.755477011273669,22.07556192093858
CCATCACCAAGACGAC-1,-5.642360479582588,-24.464605734302857
CCCAACTGTACAAAGT-1,0.7629162878941947,13.876029184684967
CCCAACTGTTACGCCG-1,-19.726188341809916,-18.344065750929822
CCCATTGAGGAGCTGT-1,7.965160651027644,3.118929271938897
CCCGAAGAGATAGCTA-1,7.952789794507051,27.19558276674215
CCCGAAGGTAACACCT-1,-10.802351196120366,8.861480601918041
CCCTAACCAACACAGG-1,-16.00772042831831,18.918848480087348
CCCTAACCAAGGGCAT-1,-18.322418124074062,-13.369783688894895
CCCTAACGTAGCACAG-1,-3.0120516904660612,12.499486500259998
CCCTCAAAGGAAGTCC-1,9.586925389953201,2.3631344271003076
CCCTCTCCACGTCGGT-1,-14.16234879343741,21.756005409969212
CCCTTAGAGAAGTGTT-1,-2.7317737164637,-23.1063103266818
CCCTTAGCATTCTCTA-1,6.061885851594538,27.7644417789268
CCCTTAGTCCGTTTCG-1,-13.237714446600894,-18.33792874592001
CCGATGGCAGTTTCGA-1,-17.375352453293587,17.82695266933683
CCGCAAGCATTGACAC-1,-3.419302003141415,-12.763494933928207
CCGCAAGTCACCGACG-1,-16.058091594520917,20.552534773142185
CCGCAAGTCCGCTGTT-1,7.6226019569346555,-15.638142737329998
CCGGACATCCGCTGTT-1,-11.49985672246332,-13.45751838750241
CCGGGTAGTCAGTCCG-1,-2.634464016208148,-21.73043135907394
CCGGTAGTCGAAGGAC-1,13.596511047474493,-16.784541325152578
CCGGTGAGTGTGTGGA-1,7.421167988225207,-15.511970042356987
CCGTGAGAGCGTTGTT-1,16.029589342091455,0.07393455051007732
CCGTGAGCAACCAACT-1,16.024784193084137,-15.616645903099018
CCGTGAGCAGATGCGA-1,9.905617631122325,26.34233055473697
CCGTTCACACAGCCAC-1,-13.437440766654593,15.289400504635486
CCTAAGATCCGGTAGC-1,12.964582588164443,-10.051149701823851
CCTATCGCAAGGCGTA-1,4.083466924259405,13.394617301448896
CCTATCGCACAACGAG-1,-16.665285215038203,-22.60002040384032
CCTCAACCAAATTGCC-1,15.769076247216086,-13.379137227086009
CCTCAACCATAGCTGT-1,13.379705661414027,-21.324526381252966
CCTCAACTCCCTGTTG-1,-9.845546408380383,6.894054299749679
CCTCATGAGGATAATC-1,-5.9997349536812,6.3534206929555594
CCTCCTCGTATCCTCC-1,-10.852387150601587,8.436843817840861
CCTCCTCTCAACCTTT-1,-11.460580192273726,-28.136587843109215
CCTCCTCTCGAGTTGT-1,-8.967931973131686,6.410292718523378
CCTCTCCAGACGCAGT-1,-7.030253371235038,18.228203889091358
CCTCTCCCACAAGCCC-1,-19.59454163060229,-16.079217099495814
CCTGCATCACCTGCAG-1,12.751503118081516,17.735286761001866
CCTGTTGGTTCAACGT-1,-12.038740228799954,-18.982827030501618
CCTTTGGAGCACTAAA-1,-8.50456971621627,-29.646723470322193
CCTTTGGAGCCACTCG-1,-10.146329390009285,-21.18250356223269
CGAAGGAAGGCGTCCT-1,10.802221796106691,13.346343623992693
CGAAGTTAGTCATGGG-1,-11.439601579919609,-12.058329727128312
CGAGAAGAGGTAAGAG-1,-11.243125888443306,-22.375179825729557
CGAGAAGAGTTTGCTG-1,-8.111894602809317,-16.527433076397873
CGAGAAGTCCTGCCAT-1,11.184846739573068,-18.04370490322747
CGAGAAGTCTCTGCCA-1,11.427812230310279,18.283092738099914
CGAGTGCAGGTTAAAC-1,7.60460896865007,9.66789107717517
CGAGTGCCACGTTGGC-1,2.2023344248153887,21.353637121726173
CGAGTTAAGCCGATCC-1,-9.05062011504651,-27.522348774898777
CGATCGGAGTACCGGA-1,14.979187050961944,-16.50785718158241
CGATCGGGTTGGCTAT-1,-19.62542176016317,-18.239142267029724
CGATGGCAGCTGGAGT-1,-5.719156773136789,-28.28591723324314
CGCAGGTTCTCGGGAC-1,-12.837630297307356,-10.352425498506781
CGCATGGTCCACGGAC-1,13.631840762603435,-19.866471544029196
CGCCATTCACTCTGCT-1,17.685726497668806,-3.65936915538317
CGCGTGAAGCTCTTCC-1,-13.205590219388196,-25.90597941202763
CGCGTGAAGCTTAAGA-1,13.853268478555606,17.48177344418052
CGCGTGACATCGGCCA-1,-16.331892663466565,-13.818332171744506
CGCGTGATCTAGGCAT-1,-4.583899198304276,-27.823805256033666
CGGAATTCAGACGCTC-1,3.570519167220561,13.985146605620724
CGGAATTGTGACGCCT-1,-1.439343341964714,-20.319985091880486
CGGACACGTAGACAGC-1,-16.550428570773,-13.221488003240832
CGGAGAACAGGACGAT-1,16.435763268926248,-14.406914711838544
CGGAGAAGTACAAGTA-1,4.302656908414729,22.476021108657616
CGGGACTTCGTAGTGT-1,7.103495130681068,24.400079104064552
CGGGTCATCGCAGTTA-1,17.815949643315857,-11.969326515684257
CGTAAGTCAGAGTTCT-1,-15.426016375593958,-13.471420716734373
CGTAATGTCCTGGGTG-1,3.5013517274915054,17.53579118915205
CGTAGTACAGCATTGT-1,-7.563296929935507,13.0236298131966
CGTAGTACATAAGCAA-1,12.933009649190698,-17.884352119365538
CGTCAAACATAGAATG-1,8.453196905530216,-16.692663163688124
CGTGAATAGACGCCCT-1,17.582420623072515,28.32959123710527
CGTGAATTCCAAGCCG-1,-0.019716118632457355,15.324670426145888
CGTTGGGGTATCCTTT-1,15.175022561028282,-18.171254594437315
CGTTGGGTCATGTCAG-1,18.609475062165885,-3.9957348656820595
CGTTGGGTCGGTAGAG-1,14.649077363861291,22.88734969902511
CTAACCCCAACGTAAA-1,-12.445046159051108,-15.11653870969408
CTAACCCGTCCTGTCT-1,-8.692350379809506,8.305390284561259
CTAACTTAGATTTGCC-1,-11.156377652144347,11.969807572331058
CTAACTTTCCTAGCTC-1,-17.092081419098704,17.612450985769627
CTAAGTGAGTTTGAGA-1,-0.9596990507212665,24.626755965430966
CTAAGTGTCCGTGGCA-1,7.01632988260788,-13.818270506392187
CTACAGAGTTGTCCCT-1,-9.09345953405755,6.537759987216273
CTACGGGGTAGACAGC-1,18.296242527221576,-11.716943382627925
CTACGGGGTATGACAA-1,11.108469838800241,-18.084650954691657
CTACTATTCTACCCAC-1,-12.109523212930194,-28.08202830753742
CTAGACACACAATGAA-1,-0.3782755003201306,14.085930704731469
CTAGGTAAGAGGGTAA-1,1.9169888658030478,22.245837482442443
CTAGGTAAGTGCAGCA-1,-5.04049310539919,14.095673724883119
CTAGGTAGTAGAATGT-1,4.4755353287816,23.44707446574579
CTAGGTAGTATATGGA-1,-14.487659786189594,-14.54110380572905
CTAGGTATCGGCCCAA-1,11.230552723165777,17.807554678760646
CTATCCGGTTGTCAGT-1,3.105369951548303,15.60674159663086
CTATCTAAGACCAGAC-1,-1.8854966824744501,-18.666351712644058
CTCAACCAGAGTGGCT-1,-10.923736911267982,-28.41127117409515
CTCAACCGTGCATTAC-1,8.49325491794231,-0.520599818455869
CTCAACCTCAACGAGG-1,13.123570048847874,13.19094226784919
CTCAAGAAGAAGCTCG-1,-6.120159172180685,21.331871640223657
CTCAAGACATTCGGGC-1,10.532709061855424,-18.41285942908613
CTCAATTCACATGTTG-1,-11.91290005010536,-14.47646426965567
CTCACTGCACAGCTGC-1,18.600534808107334,-3.4620439149154727
CTCAGAAAGAGCCATG-1,-11.12645635322921,-7.936070948340012
CTCAGAACAGTGGGTA-1,12.224653526775976,24.550521433888417
CTCAGAATCTCGACGG-1,-5.120131150601728,-25.865939173979662
CTCAGTCGTAGGTGCA-1,4.617649962231336,14.45590588170072
CTCATGCTCCACCTGT-1,-4.373440043385025,14.18166563179702
CTCATTATCCCTCTAG-1,-12.62219530789454,19.350007596420607
CTCCAACAGCTCGCAC-1,13.666798037582284,-17.466767412453073
CTCCAACAGCTGAAAT-1,-3.438110307712055,-14.67744579904569
CTCCACATCACATTGG-1,7.97268327902814,0.3957261930820267
CTCCTCCAGACGCTCC-1,-9.655455408939599,6.7059988274987985
CTCCTCCAGAGAATCT-1,-6.672485135500282,-15.86351345620872
CTCCTTTCAGTGCGCT-1,6.884411582874208,-16.37947993237312
CTCGAGGAGCTGGCTC-1,-4.908635238009153,-22.909285547104442
CTCTCAGAGAGGCGTT-1,15.50907124897446,2.2590669108722303
CTCTCGAGTTGCCTAA-1,-12.073704659525825,18.842149608541185
CTCTCGAGTTGCGAAG-1,3.5673053022913894,16.11523030326955
CTCTGGTAGATTGACA-1,-2.4944984656167457,-19.555453194726457
CTGAATGAGACATCAA-1,3.2721415227133983,28.052313494596007
CTGAATGAGTACGAGC-1,6.3594193380937085,-13.70570891156174
CTGAGCGTCCACGTAA-1,-13.813312448306945,-9.015827579127256
CTGAGGCGTATCGCAT-1,-10.973448854143795,-20.706736271263136
CTGAGGCGTTACCGTA-1,16.36083568157499,27.411715798065718
CTGATCCCACGCTATA-1,-7.059213976415559,23.541780311585292
CTGCAGGAGCGCCCAT-1,5.292999770173228,18.489100255435766
CTGCAGGCAAGTTCGT-1,5.026633299750233,26.370178698623313
CTGCATCGTTGTCCCT-1,7.570574457894268,-17.496379225465848
CTGCCATCATGGTACT-1,-11.354619389088064,13.471601403679072
CTGCGAGAGATTAGAC-1,-0.6763209267568029,12.715186117707034
CTGCGAGTCACGTAGT-1,14.853713353285942,-16.413317622790757
CTGCTCAAGCATGGGT-1,-5.933349318870512,-27.548336327110654
CTGCTCACAAACCATC-1,-20.50077196558613,-15.695523328367031
CTGCTCACAACAGCCC-1,-14.103047283193392,14.316316040407678
CTGCTCACAACAGTGG-1,-1.4678068148048007,20.89491125083756
CTGCTCACAGACGGAT-1,17.844790825918704,-6.990069710223097
CTGGACGCAGAACTAA-1,6.173586343361943,14.163637038570293
CTGGACGGTTCATCTT-1,11.822486622836088,0.43077202872804793
CTGTATTCACATTCGA-1,-10.552580630554784,-29.36969180475748
CTGTATTGTTTCTATC-1,13.546308773443517,-21.148836216303945
CTGTATTTCGAGAACG-1,12.553826457531907,2.346230261031179
CTGTCGTCATAATGAG-1,14.57296474074821,-8.843921434828061
CTGTGGGCAAGTGGGT-1,-1.3018262836953036,-23.0986051233151
CTGTGGGCAGCGTATT-1,12.97028896044984,-20.982641324713192
CTTACCGAGATGACCG-1,-14.812936301730339,-16.7398983436363
CTTACCGTCTCTAAGG-1,-17.98494057363757,-19.16130179169099
CTTAGGAGTTTGTTCT-1,3.642264104726062,17.39370899003907
CTTCAATGTCATCCGG-1,-2.1440477546415844,-24.828393698131773
CTTCCTTTCATTTCCA-1,-10.356790521267532,17.178090984641397
CTTCGGTTCACCATGA-1,-2.4390870451939093,-21.027477393211736
CTTCTAACATGATCTG-1,16.166288827946982,27.162701903390218
CTTCTCTTCTTGTGCC-1,-10.817934478192484,8.183723206366304
CTTGAGAAGTGAGTTA-1,-10.3789217132821,-22.518308692485025
CTTGATTTCACACCGG-1,-7.314702403987272,13.726129142339568
CTTTCAAAGCCGTCGT-1,-4.308502299734093,-20.312142676846054
CTTTCAATCCTTATAC-1,-12.934884246953903,-14.503626071268336
CTTTCGGTCAACGTGT-1,5.406625707937285,15.12497911074081
GAAACCTGTTGGGCCT-1,17.4354066372056,-7.279100671942376
GAACACTGTTGGTAGG-1,13.083281613418466,20.469230776560078
GAACACTTCAACCCGG-1,-13.373299586273284,16.72411814383259
GAACGTTAGTCAGGGT-1,3.3572148954417687,-13.482808978581115
GAAGAATGTGACTGAG-1,-13.212581253438529,-15.350884183908486
GAAGAATTCTAGCCTC-1,-15.738828962997067,14.170551125258045
GAAGCCCCAAGGCGTA-1,7.760408323008661,0.7098909843631224
GAAGCCCTCGCTGTCT-1,-4.5636498665852105,-26.661865977114356
GAAGGGTAGATTGACA-1,12.098293065712735,0.5262332599791423
GAAGGGTGTATACCCA-1,-4.6772528433857445,-28.19536245498039
GAAGGGTTCTAGTGTG-1,-3.503440782492933,-23.146142215136113
GAAGTAATCGGAATTC-1,-3.4576696224630443,-20.168318124012462
GAAGTAATCTTCCACG-1,8.327542068093095,0.607028644572807
GAATCGTTCCCAGGAC-1,3.7670028758033123,15.2436747239997
GACCAATGTCCCTGAG-1,-18.93456354404113,-12.44450065163723
GACCCAGCAATTTCGG-1,14.845373682585604,-8.467661934395428
GACCCAGTCTTCGGAA-1,5.677816342952012,20.977271207688627
GACCCTTCAGGATGAC-1,-12.760067331863452,18.26116777094408
GACCCTTGTGGATTTC-1,18.183656116677092,-3.209648658259697
GACGCTGAGGTTATAG-1,11.649086580604953,20.295105989023767
GACTATGGTATCACCA-1,12.28126274837136,22.536806696365783
GACTCTCTCCCGAGAC-1,2.2801838484641292,22.0452183482461
GACTCTCTCGAAACAA-1,11.854955539088218,0.3929404590873494
GACTGATGTCAACGCC-1,6.108518233993278,9.877115612344012
GACTTCCCAAGGATGC-1,-13.307044452977355,21.263584455647685
GACTTCCCAGAGTGTG-1,-5.91763208278058,17.648594214672052
GACTTCCTCTGCTAGA-1,-9.668946467414669,8.83249720403335
GAGACCCAGCTCACTA-1,-11.37801426361505,-14.911385833950035
GAGACCCCAGAGCCCT-1,-5.803244612132013,6.1364292103557165
GAGACCCTCCATCTGC-1,-11.119893480197721,10.831786439815223
GAGACTTTCATTCTTG-1,-6.349301951691249,18.14780629935346
GAGATGGGTACGATTC-1,-7.523092052614355,11.214963873244953
GAGCTGCAGTGCTCGC-1,-6.4362338415554925,-16.654109679829805
GAGGCAAAGTGCCAGA-1,-8.07430491643119,16.329626551964004
GAGGCCTGTAAGCGGT-1,-14.284100589945933,-16.303589563681484
GAGGGATCAATCCTAG-1,-12.067703152901073,-9.886169380578584
GAGGGATCATTCAGCA-1,14.424440820636358,-17.686614983141947
GAGGGATGTAGTACGG-1,11.790157607613295,21.353483295793477
GAGGGTACATGGGTTT-1,2.162899741440048,25.837318087906674
GAGTCATAGGTTAAAC-1,-16.803322158711204,-17.349220012743952
GAGTCTAAGGATTCCT-1,-16.19306571931381,-10.780342727829435
GAGTGAGGTGTTAAAG-1,-0.6138949969149738,14.254027254219212
GAGTGTTAGAGCCGTA-1,4.259378617837749,27.111453180575097
GAGTGTTAGTTGCATC-1,-13.57468763257182,-10.71443928376095
GAGTTACAGAAGGGAT-1,7.319463351921317,0.04146449516631878
GAGTTACAGCGTGAGT-1,14.318381069611487,21.91923723444722
GAGTTACGTATCACGT-1,12.049471196515295,2.1241387018255624
GAGTTGTTCGAGAGAC-1,-0.394552710831556,23.946393764693696
GAGTTTGCAGGGTCTC-1,-1.453260118416416,-17.146217786321365
GATAGAATCATGAGAA-1,17.55656887411453,-14.450352451079132
GATAGAATCGCACTCT-1,-2.500655794650581,-15.914601425496627
GATAGCTTCCAAGGGA-1,8.894426086750482,22.397638422017145
GATCACATCACGATAC-1,-8.401934531435954,-30.99095189922411
GATCATGAGCCGATAG-1,-7.45778258195409,8.746346651601964
GATCATGAGTCTGCGC-1,-11.946469589971857,-22.12137074476202
GATCATGCAACAGAGC-1,-15.62247808630009,-16.77622037121434
GATCATGCAAGGAGTC-1,15.552355406300459,-14.784821937286706
GATGACTAGTCCCAGC-1,8.952326491401763,-0.4672946770800619
GATGACTTCTGAGGTT-1,-3.315217674373099,-21.27382157110326
GATGAGGAGTCTTCCC-1,18.20148744398056,-3.816149044920149
GATGAGGGTAACCCTA-1,-15.904559294896716,18.283431241527264
GATGATCTCGCCAATA-1,-6.715159460718562,13.492354369012942
GATGATCTCTCTATGT-1,-5.5592746095707035,-28.032291965217954
GATGCTAAGCGAAACC-1,13.268089364326924,-21.235280627913784
GATGCTAGTTTCAGAC-1,-16.046816227264788,17.796605050570985
GATGGAGCACCCTTAC-1,17.743385424310954,-13.199801369490881
GATGTTGAGCTACTAC-1,5.463507722885073,17.903788612382122
GATTCGAGTACGCGTC-1,6.261351070446849,1.0037958736009058
GATTCTTCAACTAGAA-1,-7.989325113986184,13.56217716087493
GATTCTTCACTAGGTT-1,-5.6420643565801685,-15.536561965883172
GATTCTTCAGGAAGTC-1,-10.454573918426355,-13.516235881577169
GATTTCTAGTACTGTC-1,14.333993457206116,-22.000865167341335
GCAACATCAGTATGAA-1,5.655425806891134,23.09986426616798
GCAACCGGTAGTACGG-1,15.35978542804016,-15.961691680026064
GCAACCGTCCCGAGAC-1,-10.493737839044195,-11.394639596359186
GCACTAACACCTATCC-1,14.720172106195532,-8.36575026406472
GCAGCCACATCGATAC-1,17.714878554574078,-12.876419509452903
GCAGCCATCCATGCAA-1,14.539775865258182,-19.531335315015102
GCAGCCATCTGGAGAG-1,2.8407417828622386,18.917318711616577
GCAGGCTGTTAGAGTA-1,13.570651373478206,18.364582441522735
GCATCGGAGGTAATCA-1,-2.328595923773509,-22.377315374509777
GCATCTCCACGCTTAA-1,17.776829491001674,-5.5773758374528315
GCATCTCGTATAGGGC-1,-12.571948588131454,-6.350830357972401
GCCAACGCAAAGCTAA-1,-1.4946038706256104,24.670518270446546
GCCAACGTCGTGCATA-1,13.87180657747283,22.494833095954455
GCCAGGTGTACCTGTA-1,0.8607079886520144,23.94641616137943
GCCAGTGAGCAAGCCA-1,14.438905868165037,1.813696653538926
GCCAGTGAGCAGAAAG-1,14.00909004115411,-16.55262730538449
GCCATGGGTGCAACGA-1,13.188716696054072,-9.42489504384023
GCCATGGTCTTACCAT-1,14.926914985364302,17.663394921005917
GCCCGAAAGTTCCGGC-1,4.786628626198644,21.986383756210188
GCCGATGCATGGTACT-1,18.4339959231863,-3.8653156082270965
GCCGTGAAGACGGTCA-1,13.019468741666271,13.183562237125829
GCCGTGACACAATGTC-1,-2.192860170850591,-24.572181408557793
GCCGTGAGTCGCACAC-1,15.306484359918347,-21.73940454648044
GCGAGAATCGCTTACC-1,-6.370074729131458,21.98046199179993
GCGATCGCAGCAGTTT-1,8.21338468044686,12.017518916705173
GCGGAAATCTATTGTC-1,10.764616485214102,18.286095419452927
GCGGATCCATGCGGTC-1,17.69970057741276,28.651322091865797
GCGTTTCAGGACTGGT-1,-11.838579191420491,-13.624313770797757
GCGTTTCGTGTGCCTG-1,-1.2945189415243177,16.578740000651656
GCTACAACATTGCCTC-1,-11.062027400387763,-16.692317196506764
GCTACAATCAACGCTA-1,12.497244833213811,-21.40732596322282
GCTCAAACAGGTGAGT-1,-16.040869572833714,16.82814880731255
GCTGAATCAGGTGTGA-1,-17.362731415001978,-11.81330940382694
GCTGCAGCAAGCAGGT-1,-11.651333732503414,19.35342434654415
GCTGGGTCATCGTTCC-1,2.577063773118719,28.307191873801944
GCTGGGTGTTCGGTAT-1,-7.151050421030842,-20.262240722664124
GCTTCACAGCATGATA-1,-1.7374243733839567,19.101715135523087
GCTTCACAGCCATTGT-1,-17.77644511927246,-16.58717245284504
GCTTGGGAGGAGTATT-1,17.676079420809977,28.447040907428693
GCTTGGGGTCTTCATT-1,-5.328969597150343,-29.850372728385135
GCTTTCGAGTACCCTA-1,-0.6422182630408663,12.295173777981901
GCTTTCGGTATCGTTG-1,-0.6633381173092496,21.27042120872737
GGAACCCAGACTACGG-1,-8.895286537675267,13.841580793310237
GGAATCTGTGGAATGC-1,-1.8331231463239022,-19.53556851684184
GGAATGGGTAGAATAC-1,6.676019802337628,14.97946090948627
GGACGTCAGTGTTCAC-1,-16.630502728868137,16.041938354664758
GGATCTACAGGGAGAG-1,4.980887254757554,22.36338384275277
GGATCTACATGCTGCG-1,-13.97301472763175,-16.72130866613964
GGATGTTAGACATATG-1,5.001479950919932,0.49329834724802507
GGATGTTCACTAGGCC-1,-4.144079673533159,18.21279343964187
GGATGTTCATACACCA-1,9.383359220396137,13.076478182307902
GGCAGTCGTAGAGGAA-1,18.04566003289204,-4.559338384112228
GGCTGTGCAAGTCCCG-1,13.701223132787685,-15.598217799747419
GGCTGTGTCGCTAGCG-1,14.888023839298764,-14.661008149043191
GGCTTGGTCATGAGAA-1,5.304112717159461,21.41183656301302
GGCTTTCAGTCACACT-1,11.583269553333878,14.554843613761888
GGGAAGTCAATACGCT-1,-9.493336098285544,14.517741107636034
GGGACAAAGAGAAGGT-1,15.981954750493466,-8.922745823106384
GGGACAAAGTGCACTT-1,-8.82930750818769,-12.09304866487536
GGGACAATCGGTTGTA-1,12.645944222876855,-15.848563221848403
GGGACCTAGTTTGAGA-1,0.5685164747311343,22.090601030078457
GGGACCTCAACCGATT-1,-20.137628701153375,-15.069830005657256
GGGACCTGTCTGTAGT-1,16.029644052192825,-7.8086330273020526
GGGACCTTCGAATGCT-1,-9.234039906894521,13.5461156026598
GGGACTCGTTAAGGAT-1,8.02271840871421,1.0916480367724126
GGGAGTAAGTTTGAGA-1,-15.152207174226216,-11.472732480497672
GGGATCCCATAGGTTC-1,12.887589127742501,-21.16901422233943
GGGATCCGTGATTAGA-1,8.65129045696169,-16.780932430432227
GGGATGAGTACGGATG-1,-3.081882841499707,-23.93895624803415
GGGATGATCGCCTATC-1,-0.7526205572535285,26.421436129550994
GGGCCATAGGTAACTA-1,4.919720611890331,0.2979577927121279
GGGCCATCAATTGAGA-1,-4.238412151205918,15.954553724344022
GGGCCATTCACGAACT-1,-7.639396605341222,14.855994567216111
GGGCGTTAGGAGACCT-1,-11.600972609481161,-26.53626927881451
GGGCGTTTCTACGCAA-1,-12.881991332251916,20.980149351921167
GGGCTACAGCCTCCAG-1,6.921412791966309,0.38934721435922526
GGGCTACCACTGGACC-1,3.564351588616508,24.623953913371913
GGGTAGAAGCCGATAG-1,17.64072694394719,-2.4801779820651086
GGGTAGAAGCCGTTAT-1,17.030881395181027,27.829231029647673
GGGTATTAGTCACTAC-1,-6.639388776692052,23.36179232243198
GGGTCACTCTGTCGTC-1,17.311651949236097,-16.289380989936046
GGGTCTGAGGCCTGAA-1,17.56213449750646,-14.868174117463697
GGGTCTGAGGGAGTTC-1,-15.149317725421662,-8.288642323145245
GGGTCTGCATGAGGGT-1,12.750952034294086,-16.24915537527588
GGGTCTGTCCAACTAG-1,-13.06848949731938,-8.809439741716648
GGGTGAACACGAGAAC-1,3.0735059133177582,-17.7509465173058
GGGTGAAGTCGCACAC-1,18.564335784439333,-6.8878142439688075
GGGTGAAGTCTTGCTC-1,-3.7302911584242597,-25.54751498976532
GGGTGAATCAAAGACA-1,-2.4799184641811833,-15.872098420828891
GGGTTATGTAGATTGA-1,3.3204602573177215,11.904951613193496
GGTAACTTCGTTGTAG-1,11.177739577338794,-19.008868638295404
GGTAATCAGGTTGGTG-1,9.552850147904838,16.512008743509803
GGTAATCGTAAGGTCG-1,8.675325954137739,9.075665110384657
GGTAGAGCAGCTCTGG-1,-12.961560208812399,17.82028201311829
GGTCACGTCACCATAG-1,8.761414702387489,0.7493835380074473
GGTCTGGCAGCGGTTC-1,4.427537927372085,24.19473867868096
GGTGAAGAGCATTGTC-1,-9.607591891093538,-12.299606296561011
GGTGAAGCAACTGGTT-1,-0.9468665499515823,-14.085176654336728
GGTGTTAAGTAAATGC-1,-0.2614988680841301,24.774590361233106
GGTGTTATCCAAGCTA-1,-9.272999866321921,13.111144081468467
GGTGTTATCTCTTCAA-1,18.15188810887486,-3.002431942896824
GGTTCTCCAGCAGATG-1,3.4348831732556744,-13.49157616183499
GTAACCACAGCTGTGC-1,14.727288115558277,28.52472978737075
GTAACCATCATTTGTC-1,6.883960875540363,12.784085068847695
GTAAGTCAGGTTCAGG-1,-15.653991250283731,-17.01035159507683
GTAATCGGTCTGCGCA-1,12.888212764285498,19.746605573877567
GTACAGTAGCACGATG-1,3.084965609971898,11.1395585889184
GTAGAAAAGTTCCATG-1,1.8942431419560783,10.597565447505014
GTAGAAATCGACCACG-1,-1.9943978018491078,18.324903880338763
GTAGATCGTCAAAGAT-1,16.39462019342595,0.4328158790069795
GTAGCTAGTCATGCAT-1,-17.720874696589046,-14.96068003378362
GTAGGTTAGCGACTAG-1,7.216891786974333,16.92016277498684
GTAGGTTAGGGCAGTT-1,-16.748299600171244,-16.65129280279414
GTAGGTTCATCAGTGT-1,8.592602836176402,10.890482767014529
GTAGTACAGTTGCCTA-1,3.8545780626751704,24.960564353487758
GTAGTACGTCCCGTGA-1,12.86643383193676,22.174279904760088
GTATTGGCAGCATCTA-1,-15.962165477856091,-12.19176256657924
GTCAAACGTACTGCCG-1,-11.712919502638215,-24.737543038527566
GTCAAACGTCATAAAG-1,14.039738643486674,23.613623539652213
GTCAAACTCAAGATAG-1,-1.0648576808715797,21.492489134935695
GTCACTCGTTCAGGTT-1,-3.268140124982464,-22.329593042265213
GTCATCCCAAGGTTGG-1,4.590218671079583,15.608226319441982
GTCATCCGTACCCGAC-1,-5.580931174385815,-26.476395749766
GTCATCCTCTCCTACG-1,-9.4655275286457,11.175537263494757
GTCATGAGTCGAACAG-1,13.3246859921835,-9.382425703155304
GTCATGAGTTCTCCTG-1,-11.95288354399203,-16.02881123839372
GTCATTTGTTCTAAGC-1,-8.133637361049336,11.851133185516572
GTCCACTCAGACCAGA-1,3.875316552991364,12.871813336040674
GTCCACTGTCTTGAGT-1,-10.581547645547824,-20.515573348595574
GTCCTCACAACCGGAA-1,6.244321369804299,10.716366961177133
GTCGAATAGGTTATAG-1,-3.4461115848977406,17.89396273738917
GTCGAATGTCGTGATT-1,-3.4152170387012823,-20.4633265528492
GTCGCGACATTCGGGC-1,12.141028469252095,18.90475860385592
GTCGCGAGTCCTCAGG-1,-12.324131589910094,-16.91003142631526
GTCGTAATCTTCGACC-1,8.337474670975547,12.796434428643588
GTCGTTCAGACGAAGA-1,-3.571014763533762,-17.546907628501327
GTCGTTCAGGCCTAGA-1,8.054744496586858,16.121303633259412
GTCGTTCAGGGTTTCT-1,15.442030878115448,-14.234958889529693
GTCGTTCTCTTCGCTG-1,-1.2475291974975227,-14.369404838222962
GTCTACCTCGCCAGTG-1,-15.606889413453045,-16.68991016356753
GTCTAGAAGATCGACG-1,-3.0808397684540014,-25.152580146167946
GTCTAGACAACTCATG-1,-13.267666385117613,15.103017619345296
GTCTCACAGTCTGGTT-1,15.525764678332516,1.814264066767696
GTCTCACTCCCGAGAC-1,11.470934665740879,13.703389225172916
GTCTGTCGTACTTGTG-1,-5.686036626982962,18.613643213457113
GTCTGTCGTGACATCT-1,3.2117697668458005,15.34073318286648
GTCTGTCTCTGAGAAA-1,-7.834592276188525,-19.249896606679343
GTCTTTAAGACTCATC-1,10.157042146167127,1.5079106446214101
GTGAGTTAGTCTTGGT-1,11.302954982417507,16.67759983008106
GTGAGTTGTAGCGTAG-1,0.7404581584404502,27.01399030989973
GTGATGTAGGACGCTA-1,-6.837602572122147,-22.55467535811761
GTGCAGCAGATCGCCC-1,-1.3101652852703618,18.17557143939841
GTGCAGCAGGTAAGTT-1,4.267520364054094,9.881386118840515
GTGCGTGGTCACGACC-1,-14.32390648100086,-9.076896996024502
GTGCTGGCATGAAAGT-1,-0.10970707443875488,16.98318696303342
GTGGAAGAGAGTTGCG-1,11.450977484265069,20.457714835301914
GTGGAAGCAATGGCAG-1,13.50806758658901,17.909691026960278
GTGGAAGCACTCCCTA-1,8.042687637373293,3.6075818259982793
GTGGAGACAACCGTGC-1,-4.714101616924612,-24.90217180068006
GTGGCGTAGGGCTGAT-1,9.120256313238777,2.3301178048324833
GTGGTTATCTGTCTCG-1,-11.989190649578195,12.744644824754065
GTGTAACGTTAGGAGC-1,-12.321430480407164,-7.340056950958899
GTGTCCTAGCGCAATG-1,-18.466256403407076,-11.330439749898272
GTGTGATAGAAAGCGA-1,-5.891327385905656,22.447477756905243
GTGTTCCAGACTTGTC-1,-12.858984854737262,-15.143038690850517
GTTACAGGTGCACAAG-1,17.600466653578984,29.498806074656247
GTTACCCCACCAGCCA-1,-9.783555092589285,7.872913311992032
GTTACCCCATAGTCAC-1,-11.481331887911924,-13.494450239609359
GTTACGAGTCCGAAGA-1,-12.377143579687651,-7.939760220452816
GTTAGACGTTACAGCT-1,-11.20339586637825,-26.149270962578445
GTTCATTTCCGATAAC-1,13.879562346650342,-21.919786288432046
GTTGCGGGTGTACATC-1,-13.67389580443257,-9.853449150359877
GTTGCTCTCTCAATCT-1,18.63658799646385,-3.482704151309218
GTTGTAGTCATGAAAG-1,-3.567623241372901,-20.34094836996177
GTTTACTCAGCTCTGG-1,18.59843710356138,-5.8841725813072205
GTTTACTCAGTCAGAG-1,6.433712543252265,-16.556672107281866
TAACACGTCGCCGATG-1,6.956538148456571,15.475880199196927
TAACCAGCAGAACCGA-1,11.219750273480736,25.567785006417175
TAACCAGGTAAGGCTG-1,-13.216579150326035,-24.47466819162187
TAACGACTCTGTCCCA-1,18.0879275314021,-2.946983975339755
TAACTTCCACAAACGG-1,17.25856434309165,28.43470343861392
TAACTTCCATCAACCA-1,16.362478424095343,-7.715625744405973
TAACTTCGTCACTCGG-1,-17.06351015877604,-21.365297876288654
TAACTTCTCTTGTTAC-1,-12.66685495471642,-26.765465843970933
TAAGCACAGATCCTAC-1,-9.103065588035328,-9.804160137457087
TAAGCACGTCATAAAG-1,-9.615532416862735,-17.72424475361262
TAAGCCATCCGTATAG-1,-13.64997184458869,17.055189622711076
TAAGTCGCATAGAATG-1,12.944394926212786,24.62027663731496
TAAGTCGTCTGTCCGT-1,6.766771928000681,0.39940288412431457
TAATCTCCACAGCCAC-1,-4.604884286918387,17.871200320886008
TAATCTCGTACCTAAC-1,-5.820857318324741,14.017312893200916
TAATCTCTCGACTCCT-1,-11.09400055593636,-22.431310075721033
TAATCTCTCTAGAACC-1,-4.157963654611342,15.43572426226756
TAATTCCCAACCTAAC-1,6.130794640261252,28.28623485378928
TACACCCAGCAGATAT-1,-9.150597957647127,-25.164080843160953
TACACCCCAATACGCT-1,-3.925607293109922,-17.023204395441716
TACACCCTCCATTTAC-1,-13.522105363336015,-25.947847131917438
TACAGGTAGATGTTCC-1,16.808066720488895,-9.877644199807571
TACAGGTTCTTGAACG-1,-11.380866368841533,-24.825466595346057
TACATTCTCAGCTGTA-1,11.688716712957378,22.225791777395973
TACCCACAGATGGTCG-1,9.325882339171155,7.387893521356782
TACCCACCAGTTTCAG-1,-13.55581023963426,-24.769334608495743
TACCCACTCGCCGTGA-1,9.464792637715556,26.646629079403713
TACCGGGGTCCTCATC-1,7.818505620631379,27.237696443585996
TACCTCGAGCGGTAGT-1,-10.08114773593049,-29.83385089109471
TACCTGCGTACAGGTG-1,-18.069668424017944,-10.3995434166582
TACGGGCGTACGTAGG-1,2.4658892957652694,17.5365179151308
TACGGGCTCGGCGATC-1,-8.785305935102919,8.488219524706839
TACGGTATCTGAGATC-1,-15.771127170139778,-8.216995083878897
TACGTCCAGCAGTAAT-1,13.723682789907365,-18.162638075124896
TACTGCCAGTGGTTGG-1,17.940228774256646,-4.950669701252323
TACTGCCTCGTGACTA-1,5.931015659007544,20.28456142869015
TACTTCAGTACAAGCG-1,13.875043186936693,1.8822403483243084
TACTTCAGTTAGGCTT-1,10.639736672824377,-19.257521356216703
TACTTGTGTACTAACC-1,-13.18385422416029,18.484696398944845
TAGACCATCTGCATGA-1,11.29141627292044,-16.335901038641477
TAGAGTCGTTCGGCCA-1,-9.298443791829229,-16.280647165280453
TAGCACACAGGCCCTA-1,4.691696837134127,17.394410920410888
TAGGAGGAGCTCCACG-1,-2.0690144980181424,-21.860985197741055
TAGGAGGGTCCTATAG-1,14.003119144642824,-17.75714456243134
TAGGGTTTCTCCAAGA-1,-16.6962346087078,-10.459308956962563
TAGGTACCAGTCGGAA-1,16.558818866185323,-14.839214389521912
TAGGTACTCTATCGGA-1,-1.9340198391585715,-21.44824054431275
TAGGTTGAGTTCCAGT-1,6.466984260038791,-13.777738305663245
TATACCTGTGTCTTGA-1,-13.009046189424517,-6.32871137491684
TATACCTGTTGGGTTT-1,-14.696881685618637,-17.896122721433986
TATACCTTCCTGATAG-1,-3.0425890001700875,-13.53972421321193
TATACCTTCTTTCAGT-1,-11.571521047125447,-21.575009234337863
TATCAGGAGCAAGTCG-1,17.061340448279456,0.016710822222007225
TATCAGGTCACATACG-1,8.511573810758884,21.588159916849698
TATCAGGTCACTTTGT-1,-14.337337625186871,-11.349815670723954
TATCCTACAGCGCGTT-1,-1.7303929670065699,17.713372563222435
TATCGCCGTGAACTAA-1,-4.5653646978113365,18.60350854247672
TATGTTCAGGTCTACT-1,-11.006362144777432,-22.50169373342156
TATGTTCTCGACATAC-1,1.484482559132507,15.71355512051521
TATTGCTAGCGATTCT-1,3.6852716334223707,12.16881360278528
TATTGGGCAAATAAGC-1,-14.96698819845763,-10.345618944590221
TCAAGTGAGAAGCCTG-1,-4.676597830155476,-26.37683055480712
TCAAGTGGTTACGTAC-1,17.325911098622704,-6.864773474228198
TCAATTCCACAGCTTA-1,-0.3631199939361578,13.711469905847105
TCACAAGAGCCGATCC-1,8.756340780250461,9.303877320297959
TCACGCTCAAATGAGT-1,2.976050510318778,15.605179657455885
TCACGGGAGCTCACTA-1,-13.911129931081629,-11.872477972697963
TCACGGGGTGCACATT-1,-12.914419035742354,-16.859831143263985
TCACGGGTCCAGCTCT-1,17.86054785232334,-20.529265454496446
TCACGGGTCCGTGGCA-1,-6.364324134464146,-28.5854934696345
TCACTATTCCATCTGC-1,-15.652460707284154,16.061992464681392
TCACTCGAGTCACGCC-1,-18.367515537048234,-17.713206527686367
TCAGCCTGTGGAAGTC-1,-8.99279136074593,-14.289628976271484
TCAGGGCCATGAAAGT-1,4.021329245454187,12.11183494958817
TCAGGTACATAGTCAC-1,-6.054049191423583,-16.885582802439295
TCAGTCCAGACGACGT-1,19.78649396108953,-14.155554128502649
TCAGTCCAGGGTCTTT-1,3.0609204147830518,-13.52769674862561
TCAGTCCCAGGCCCTA-1,-6.0218087278047365,5.489467886888295
TCAGTCCTCATTACCT-1,13.422452703952628,25.87342914607656
TCAGTTTGTAGGTCAG-1,8.529258344818293,0.43719334514755165
TCAGTTTTCATGCATG-1,-11.635667239818845,-25.992804000332928
TCATACTGTCGTATTG-1,10.138622854752885,0.8665486175591073
TCATACTTCATTACCT-1,9.464093406134069,1.3106909321741174
TCATACTTCCCATTCG-1,-6.358513571524619,-22.861087440098533
TCATCATCACATTGTG-1,3.6264574067971482,17.32744633252106
TCATGAGAGTCATCGT-1,-2.0350055044045803,-22.442340154598575
TCATGCCTCATTCCTA-1,-9.803604513349843,9.795346804545352
TCATGGAGTAGGCTCC-1,-10.775580535499723,17.875995837840744
TCATTACGTTGCTAGT-1,-8.670704301081463,13.006942534057368
TCATTGTAGTGCGACA-1,11.646325666807062,14.392556762654598
TCATTGTCAGGGAGAG-1,11.816464894406414,14.365223357697268
TCCACCAAGGTTAAAC-1,15.184187707799511,26.23402025672529
TCCACCAGTCTTGAAC-1,15.598456518428462,-18.548947657953054
TCCACGTCAATGGCAG-1,17.1135204763957,-16.81261952455815
TCCACGTCATACCAGT-1,8.160589775806912,2.53112353013372
TCCACGTGTTCCGTTC-1,-12.863441002321041,-21.158086991227933
TCCAGAAAGTATGTAG-1,-8.718804678481712,-19.608993312549643
TCCAGAAAGTGTTCCA-1,-1.671228453825018,18.60157879556276
TCCAGAATCATCCTAT-1,-15.961889226372262,15.475669124630267
TCCATCGCAGAGGAAA-1,-16.768393863790102,-11.308936431987917
TCCATGCAGTATGACA-1,3.2389001403753404,11.88704331594362
TCCATGCCACTGCACG-1,-0.4664656774351083,24.88736737048917
TCCCATGGTCATCCCT-1,-16.26883787437324,-21.718613713144105
TCCGATCTCTATCGTT-1,12.567947040862899,-10.403722770695994
TCCGGGAGTTAGAAAC-1,3.412875584644594,18.764449922940862
TCCTAATAGCATTGAA-1,9.338072736250366,2.0736453277621334
TCCTAATGTCTTGTCC-1,-11.101059161409387,-29.879587202997406
TCCTCCCAGAAGTATC-1,3.6503395653855883,-13.425327354118913
TCCTCCCAGCGGTATG-1,6.34935346306137,27.88794024253594
TCCTCCCTCTGAGAGG-1,15.282992015411132,-20.76017194883948
TCCTCGAGTGCGGTAA-1,-1.7361076961837805,-20.71779622331135
TCCTCTTTCAAGCTTG-1,-11.08914617171046,-26.02715880031086
TCCTGCAGTACAGTAA-1,-9.252638335178283,14.241555614018706
TCCTTCTAGTTTGAGA-1,-13.155146181719278,20.917529576916856
TCCTTTCCAAGTCCCG-1,-16.997115413040238,14.833693645082253
TCGAAGTAGTCACGCC-1,-17.26046578564532,-11.173178248912757
TCGAAGTCAGGCACTC-1,-8.303353099087417,10.06862735477927
TCGAAGTGTACAGCGA-1,15.058480581143003,-16.412542346247243
TCGACCTCAGTGTATC-1,-9.955676729190799,-31.87776047550544
TCGACCTGTACTTCCC-1,6.479981636888585,-14.741417759802003
TCGACCTGTAGCGAGT-1,17.60331059759557,-3.2583761184366877
TCGACGGAGCCTGAAG-1,-13.930698184624422,-8.92863902627926
TCGATTTCACGAAAGC-1,-3.363581077874012,-22.61339875697101
TCGCACTTCAAACCCA-1,-19.052363563283325,-19.61724286637351
TCGCTTGCAGGGAATC-1,-15.739263248639759,-7.618133310151873
TCGGGACCAGAACTAA-1,-17.645730654923124,-12.949616006849338
TCGGGCAGTAGCACAG-1,3.152740582415174,16.45742737966959
TCGGGCAGTCGGAAAC-1,10.666260242349937,17.692603271251325
TCGGGTGAGCAAGCCA-1,-12.263908588498126,-9.90439845895238
TCGGGTGTCAAGAATG-1,-9.032240053370653,-13.711678200026594
TCGGTCTGTTTCTTAC-1,-1.8344966042419295,15.801659681466322
TCGGTCTTCTCGCCTA-1,17.627619618776883,-12.424700633469717
TCGTCCACATGACTAC-1,12.650126949118958,17.49844513007194
TCGTGCTGTTATGTGC-1,10.94864974688386,16.322658007032175
TCTAACTAGGATGGCT-1,-16.44113889843788,-15.61256717823354
TCTACATAGTGTACAA-1,6.010833677412502,21.057969963617996
TCTATACTCTGAGGCC-1,-1.7759977954891508,20.573590813526245
TCTATCAAGCATGCGA-1,14.574838792222607,26.065363565405164
TCTATCAGTTCAAGTC-1,-17.126614442845383,-22.3355044628448
TCTCACGAGCGCTTCG-1,11.822767384185612,-17.594230978638517
TCTCACGAGTATGAAC-1,3.0526911728674064,21.637236317668293
TCTCACGCACTTTAGG-1,15.401852650632232,-18.01002797053469
TCTCACGCAGATCATC-1,-8.315793003229835,-21.164435147852625
TCTCTGGTCATTGTGG-1,2.137762225159152,16.64313798015979
TCTGCCACACCACATA-1,9.030180959893114,8.408167253574614
TCTGTCGAGATTGACA-1,18.35775064807806,-16.336940910571634
TCTGTCGAGCAACAGC-1,15.715839848944148,-18.32651844969205
TCTTAGTAGTACTGGG-1,13.888208917834568,22.802824062923026
TCTTAGTAGTCGCTAT-1,16.454658825964504,-14.817590959776117
TCTTCCTCAGAACTTC-1,-10.686037384993833,9.586462785862427
TCTTTGATCACCATCC-1,12.790565440164674,-18.316317682856223
TGAACGTAGTAACCGG-1,-6.787498015720487,-26.66807727381089
TGAACGTTCTGATTCT-1,-8.314088825976429,11.964428337592535
TGAATCGGTACTTCCC-1,-17.911449453598497,-14.360227851298319
TGAATCGTCGAACTCA-1,-7.364491661222851,-19.618478508852263
TGAATGCAGGATTTGA-1,-16.0061476486243,21.41360593059476
TGAATGCGTATTGGCT-1,-7.227010995430851,7.267620545473543
TGACAGTAGAGTCACG-1,12.90462751112849,19.387755413399976
TGACCCTGTCTACACA-1,6.369745998795978,-15.714851811525792
TGAGCATCACAAAGTA-1,-1.2745588221851893,16.796015790176195
TGAGCATGTGCAGGAT-1,3.6972823733584903,28.815212459314647
TGAGCGCCACCACATA-1,6.473938011912876,15.110441586932048
TGAGCGCGTGAAAGTT-1,12.944034332372661,1.1336879740851333
TGAGGAGCACGGATCC-1,-8.918337415559524,-19.057839822630203
TGAGGGAGTAGCGTCC-1,9.581259670883465,19.827444735907655
TGAGGTTGTGCAACAG-1,8.747885032870276,-16.669277967012988
TGAGTCAGTAGTCACT-1,-1.0419154466917238,14.376790986084165
TGATCTTTCCTATGGA-1,-14.959779193932027,18.264108972018846
TGATCTTTCGTGACTA-1,-4.558604738041437,-26.15925901345789
TGATGCATCAAAGGTA-1,-4.410590142845896,-26.148265538601905
TGATGGTTCGAGAAAT-1,12.960406449786783,-17.033875265383273
TGATTCTAGAGCAGTC-1,-12.419043278030722,18.944759903433322
TGATTCTCATTAAGCC-1,7.373539210632861,-14.112406878220781
TGATTTCTCACATCAG-1,17.36061597933655,28.550887145646556
TGCACGGTCACAGTGT-1,12.500929762858012,-9.062794334852478
TGCAGATAGGTAAACT-1,2.827401493396835,9.856488054326492
TGCAGGCCAGGCGTTC-1,-11.090457046279674,-25.05415043995782
TGCAGTAAGGTCCAGA-1,16.99071969327891,1.2817947257363993
TGCATCCTCTAGAACC-1,-12.540342054160513,-23.844310490506704
TGCATGATCCGCACTT-1,14.321853210741605,26.181484172549375
TGCGACGCACATCCCT-1,17.08979162417489,-8.0450739932732
TGCGATAAGCTCCACG-1,-4.045366153115319,-17.04683109838796
TGCGATAGTCCAGCCA-1,-9.617992925154258,-19.16755091494579
TGCGGGTCACAGTCAT-1,-16.504147935962834,16.272969079645875
TGCGGGTCAGACCGCT-1,-6.031783807429316,-16.275287388281985
TGCTCGTGTGTCCGGT-1,10.255435973550147,17.30748282655219
TGCTTCGAGCAGGCAT-1,-8.959872958941554,-27.101431140580182
TGCTTCGTCTAAACGC-1,-8.339094890063638,-28.037159661308827
TGCTTGCAGTTCATCG-1,-15.896875085797065,-14.237432001606798
TGCTTGCAGTTCCTGA-1,-16.705190929413725,14.769595212035568
TGCTTGCGTAGAGTTA-1,0.9374494117487191,27.72797495364921
TGGAGAGAGGAGACCT-1,1.8638177232483923,21.742557033189073
TGGAGAGTCCGGCAAC-1,5.738510064485698,21.017605595785966
TGGATCACAATGTGGG-1,-6.876629694506744,-16.810765412642883
TGGATCACATCATGAC-1,16.59148341675029,0.2832098596210304
TGGATGTAGTTCCTGA-1,11.939451005110843,21.53497552119676
TGGGAAGAGCTGTGCC-1,15.75549737322136,-8.290254716473566
TGGGAGAAGGTTCTAC-1,-4.751633775779853,12.83805232694995
TGGGAGATCCTTCAGC-1,-12.305892224609327,-14.755414452380421
TGGGATTCAGGTTCAT-1,3.962686698935291,25.804579526770983
TGGGATTTCGGACCAC-1,4.206596077545944,22.878592272627447
TGGGCGTAGCATAGGC-1,-16.093874692191463,16.510124569072314
TGGGCGTCAGCGAGTA-1,-7.051123733567853,7.101905476753684
TGGGCGTTCCCGATCT-1,10.033609394447101,26.413635574928833
TGGGCGTTCTGAGTCA-1,4.976416453525734,-16.13365054398896
TGGGCTGAGGCCCGTT-1,16.210391343158932,-19.547569261450132
TGGGCTGGTACTCCCT-1,15.425940553871394,-16.835623115880463
TGGGTTACAGCGAACA-1,-13.906078187176997,-11.212007582083329
TGGGTTAGTCTGATAC-1,16.97977333533681,-0.2396034765159856
TGGTACAGTACAAACA-1,16.2583514049866,27.193280983686773
TGGTACAGTGAGACCA-1,2.45434207325359,15.590645705033264
TGGTAGTTCTTGTTAC-1,1.7457137704994186,25.759873565467412
TGTACAGTCTTTCCAA-1,3.4896450198783167,26.14240394561217
TGTAGACAGAGTGGCT-1,9.484695125001899,11.796004385944107
TGTCCACCAGCTTTGA-1,16.189396863318397,27.386183847632363
TGTCCACGTGAGAGGG-1,-2.985311570747457,-25.07350500027962
TGTCCCAAGACCAGCA-1,3.9301155599255893,28.064790342586715
TGTCCCAGTGCCTACG-1,14.541655902813378,24.724252141411576
TGTCCTGAGGTACTGG-1,17.07567538331306,0.05270933614065706
TGTGATGCAAGTGTCT-1,-5.7124388565637005,5.991563528723489
TGTGATGTCGTTCCCA-1,16.587317291708032,-1.743826940694945
TGTGCGGAGCCTCTCT-1,-7.207856505230759,-22.149581898559287
TGTGCGGAGCGGATCA-1,-6.532707700778082,24.013845920336514
TGTGCGGCAAGAGTAT-1,-8.685538428409615,15.033338611629603
TGTGGCGGTGTGTGGA-1,-12.457379446881163,-8.36068656891944
TGTGTGATCGCCTAGG-1,16.116908925771693,-14.765028875975009
TGTTACTCACACCTGG-1,-12.670974303941524,-14.311116565720837
TGTTCATTCCACTGAA-1,-1.0101891027851193,15.959707798249115
TGTTCCGAGCGAGGAG-1,-15.138984347172782,19.0686615998228
TGTTCTATCTTGCAAG-1,17.70460904441558,-3.7877324024165224
TGTTGGAAGGTGGTTG-1,11.365342236328905,22.138371725343035
TGTTTGTCACCCTATC-1,17.053913977069072,-1.7935307791604373
TTAATCCAGCAATTCC-1,-10.160806269171626,-29.089258481764027
TTAATCCCAGAGTTCT-1,-16.507912654823993,-12.458889741596545
TTACAGGCAGTTACCA-1,-19.56687677797325,-17.95084374390315
TTACCATGTCAACCAT-1,-8.190015365077853,13.629303985752243
TTACCATGTCTTTCTA-1,-13.408903333080863,-24.409186016886583
TTACCGCGTGCGTGCT-1,-14.388346498864903,-16.18030469830804
TTACGCCTCCAACTAG-1,-16.462354967238046,-22.453014827901022
TTACGTTAGCAGCCCT-1,12.83046191191525,17.29788916579835
TTACGTTAGCTCCATA-1,-5.967349328605976,-27.554677233432088
TTACTGTCAGTTGGTT-1,-12.819844368307791,14.78836901215401
TTAGGCAGTCGACTTA-1,16.850541144657484,-11.141436948908359
TTAGTCTGTCGCTTAA-1,5.936369624693797,11.316206291531449
TTATTGCCATGACAAA-1,9.816084368640476,-18.873718421155623
TTCAATCTCAGCTGTA-1,-9.34774389256837,9.317295670045429
TTCATGTTCCTGGTCT-1,-15.054852572382444,-19.302486370418944
TTCATTGCAACGGCTC-1,18.222519376270807,-4.972372538819105
TTCATTGGTTCAAGTC-1,-17.16717725132793,-17.78789499359461
TTCCACGGTCACCCTT-1,-15.998890087285945,21.57357039275336
TTCCACGGTCGCCACA-1,-9.297548851030895,6.460656860547912
TTCCGGTCAAGAAATC-1,16.629445463928178,0.14367564122101295
TTCCGTGGTCCGGACT-1,10.558809840910417,2.1568576345299784
TTCCTAACATTCTTCA-1,15.636500376170986,1.3771802880352766
TTCCTAATCGCAAGAG-1,7.761008282008374,0.6131960682599918
TTCCTCTAGCCTGTCG-1,6.163047953309358,1.3105921305029675
TTCCTCTGTCTAATCG-1,-11.65727820079164,-17.948784321964816
TTCCTTCTCGAAGTGG-1,6.711411911186756,18.9495851240036
TTCCTTCTCGTTCCCA-1,-16.765504168999094,17.052608285394175
TTCGCTGCACCATTCC-1,-16.54920376241245,19.90008450011142
TTCGCTGGTCTGTCAA-1,-17.410832108166918,-13.750978065897018
TTCTAACCACGTTCGG-1,-18.440505476501205,-16.267835407874287
TTCTAACGTTTGAAAG-1,0.004615605550632438,14.589102558615727
TTCTTGAAGTACAACA-1,-9.934006590557956,-20.71048020058685
TTCTTGACATACAGAA-1,3.571945187074289,26.24466172391625
TTCTTGAGTTCAAGTC-1,-10.541473181467984,-18.780990023661296
TTGAGTGAGTGCACCC-1,9.49155063371075,12.474288318251531
TTGAGTGCAAACCATC-1,-8.685247700546082,-19.57770931783803
TTGAGTGTCTCGACGG-1,-12.579874091212046,-26.662658826334084
TTGATGGTCACTTGTT-1,-3.4774736540072375,13.097611602900491
TTGCATTTCTCGGCTT-1,6.047516361203935,25.816071168701246
TTGCCTGTCGGCATCG-1,12.182426998035517,15.18900765978044
TTGCGTCAGGCCTTGC-1,-4.57894552971038,-19.787552724157823
TTGCTGCTCAGTGCGC-1,17.579174108372335,-7.097311583049043
TTGGATGTCCATCGTC-1,16.958665732489056,-14.850038910661215
TTGGGATAGTCACAGG-1,-5.267673630994575,-24.056273186154073
TTGGGATTCTGCCTGT-1,2.4100725040112296,10.74967750425896
TTGGGCGCACCGCTAG-1,17.96583455351055,-3.827076476721033
TTGGGCGTCACCATGA-1,4.57626097617729,9.99399801586406
TTGGGTAGTACGAGTG-1,10.756219257087238,1.5188490175555178
TTGGTTTAGACATAAC-1,12.289186691767963,-9.363554265471592
TTGGTTTCAAGGTCAG-1,-12.434470558690899,-6.458803338395029
TTGGTTTGTTGCGAAG-1,9.238670698702355,27.081530664221212
TTGTGGAAGGAAAGAC-1,7.731095802419576,3.998698976572564
TTGTGTTGTATCGATC-1,12.160537000515667,24.562265641587423
TTGTTCAAGGATTACA-1,18.58650451846262,-3.4225654421835037
TTTACCACATACTTTC-1,-14.03155116063578,13.389172442329148
TTTACCAGTACAGTCT-1,6.542339522524483,16.141081130115936
TTTACTGAGTATGATG-1,3.0534830091008303,27.640672256189752
TTTAGTCCAATGGCAG-1,0.20762223800396226,26.939228151425
TTTAGTCCATTGCTTT-1,13.508215907600661,26.143190403050266
TTTCACAAGCATATGA-1,4.745485578646752,11.00127080823587
TTTCAGTAGACTGGGT-1,-3.996209297184434,-23.573157093868073
TTTCAGTCAAGTTCCA-1,-8.920137796574734,-27.814810657563406
TTTCAGTGTTGAATCC-1,-6.138548794922139,-16.314788243026307
TTTCAGTTCTGTTGGA-1,13.227704398133294,26.26960576974536
TTTCATGCAAGCCATT-1,-10.967608107548998,-11.126420631276392
TTTCCTCTCTGTTGGA-1,-13.574069809558875,15.669718969752976
TTTCGATAGTGACCTT-1,8.516600786256834,8.93852985646108
TTTGACTGTGGACTGA-1,8.687767146941779,0.6223052913940351
TTTGGAGCAGACCGCT-1,-6.8677315142520445,-20.270722177315687
TTTGGTTAGCTAAGTA-1,-4.500946312557,-27.25951937763067
TTTGGTTAGGGTTTCT-1,-6.680520706499285,13.693264189625381
TTTGGTTTCGAGAACG-1,-5.924790167978642,22.896426416279954
TTTGTTGTCTCAACCC-1,8.572754509430782,22.277041507892317
